"id","company_name","team"
1,"Ledger","Antoine ThibaultGeneral Counsel"
2,"Ledger","Charles GuillemetChief Technology Officer"
3,"Ledger","Pascal GauthierChief Executive Officer"
4,"Ledger","Eric LarchevêqueExecutive Chairman"
5,"Ledger","Nicolas BaccaHead of Innovation"
6,"Ledger","Julien JuanChief Operations Officer"
7,"BTCMEX","Ernesto BanderasArt Director"
8,"BTCMEX","Kenneth DiciccoHead of International Business Development"
9,"BTCMEX","Aparajitha ChakilamMarketing Manager"
10,"BTCMEX","Kerel VerwaerdeCMO"
11,"BTCMEX","Julia BulakhContent Manager"
12,"BTCMEX","Li XiaolaiFounder"
13,"Tradeium","Javis LockhartFounder"
14,"stakefish","Andrea Di MicheleFull-Stack Developer"
15,"stakefish","Dasom SongMarketing Lead"
16,"stakefish","Cristian (Kris) LuceraHead of Infrastructure"
17,"stakefish","Jun Soo (JK) KimOperations Manager"
18,"stakefish","Wang ChunChief Executive Officer"
19,"Prysmatic Labs","Shay Zluf"
20,"Prysmatic Labs","Ivan Martinez"
21,"Prysmatic Labs","Nishant Das"
22,"Prysmatic Labs","Terence Tsao"
23,"Prysmatic Labs","Raul Jordan"
24,"Prysmatic Labs","Preston Van Loon"
25,"WazirX","Siddharth MenonHead of Product"
26,"WazirX","Sameer MhatreCTO"
27,"WazirX","Nischal ShettyCEO"
28,"Elliptic","Simone MainiChief Operating Officer"
29,"Elliptic","Dr. Adam JoyceChief Architect & Co-Founder"
30,"Elliptic","Dr. Tom RobinsonChief Scientist & Co-Founder"
31,"Elliptic","Dr. James SmithCEO & Co-Founder"
32,"Coin Metrics","Nic CarterBoard Chairman & Co-Founder"
33,"Coin Metrics","Alexander BichChief Architect & Co-Founder"
34,"Coin Metrics","Aleksei NokhrinCTO & Co-Founder"
35,"Coin Metrics","Jacob FranekCOO & Co-Founder"
36,"Coin Metrics","Tim RiceCEO & Co-Founder"
37,"Glassnode","Viktor RogatinLead Software Engineer"
38,"Glassnode","Kilian HeegBlockchain Archaeologist"
39,"Glassnode","Yann AllemannCo-Founder & Quantitative Trading"
40,"Glassnode","Taras HalturinSoftware Architect"
41,"MVP Workshop","Nikola GavrilovićChief Financial Officer"
42,"MVP Workshop","Antun DebakChief Product Officer"
43,"MVP Workshop","Mališa PušonjaChief Technical Officer"
44,"MVP Workshop","Ivan BjelajacCEO & Co-Founder"
45,"Genesis Group","Marco StrengCEO & Co-Founder"
46,"Tezos Foundation","Ryan JespersonPresident of the Tezos Foundation"
47,"Electric Coin Company","Alan FairlessMember - Board of Directors"
48,"Electric Coin Company","Andrew McLaughlinMember - Board of Directors"
49,"Electric Coin Company","Zooko WilcoxFounder and Chief Executive Officer"
50,"Multicoin Capital","Kyle SamaniCo-Founder & Managing Partner"
51,"DeversiFi","Will HarborneCo-Founder & Strategy"
52,"BlockTower Capital","Ari PaulCo-Founder & CIO"
53,"Civil","Julia HimmelProduct Designer & Co-Founder"
54,"Civil","Dan KinsleyEngineering Lead & Co-Founder"
55,"Civil","Nguyet VuongProduct Design Lead & Co-Founder"
56,"Civil","Matthew IlesCEO & Co-Founder"
57,"Cointraffic","Sergei VerbitskiFounder, CEO"
58,"STASIS","Gregory KlumovCEO & Co-Founder"
59,"Dolomite","Adam KnuckeyCOO & Co-Founder"
60,"Dolomite","Corey CaplanCEO & Co-Founder"
61,"Nash","Ethan FastCTO & Co-Founder"
62,"SmartContract","Sergey NazarovCEO & Founder"
63,"Deribit","Jonas de TaeyeMobile App Developer"
64,"Deribit","Andrew YanovskyLead Developer"
65,"Deribit","Sebastian SmyczýnskiCTO"
66,"Deribit","Marius JansenCOO"
67,"Deribit","John JansenCEO"
68,"Dash Foundation","Edward MoncadaDirector"
69,"Dash Foundation","Fernando GutierrezVicechairman"
70,"Dash Foundation","Evan DuffieldChairman"
71,"Litecoin Foundation","Zing YangDirector"
72,"Litecoin Foundation","Alan AustinDirector"
73,"Litecoin Foundation","Xinxi WangDirector"
74,"Litecoin Foundation","Charlie LeeManaging Director"
75,"Cardano Foundation","Hinrich PfeiferGeneral Secretary"
76,"Cardano Foundation","Manmeet SinghCouncil Member"
77,"Cardano Foundation","Domino BurkiCouncil Member"
78,"Cardano Foundation","Nathan KaiserChairperson"
79,"Agoric","Bill TullohEconomist"
80,"Agoric","Brian WarnerEngineering Lead"
81,"Agoric","E. Dean Tribble,CEO"
82,"Agoric","Mark MillerChief Scientist"
83,"Bitspark","Maxine RyanCo-Founder and COO"
84,"Bitspark","George HarrapCo-Founder and CEO"
85,"Casa","Jameson LoppCTO"
86,"Casa","Jeremy WelchFounder"
87,"RTrade Technologies","Alexandre TrottierCTO & Co-Founder"
88,"RTrade Technologies","Derrick FooteCEO & Co-Founder"
89,"Tachyon","Rohun JauharDirector of Investor Relations"
90,"Tachyon","Mansi PrakashBusiness Associate, Investments"
91,"Tachyon","Jason NovackProgram Director"
92,"Tachyon","Brian DellProgram Director"
93,"Tachyon","Gabriel AndersonManaging Director"
94,"Gitcoin","Scott MooreBiz Dev"
95,"Gitcoin","Aditya Anand M CEngineering"
96,"Gitcoin","Vivek SinghCommunity Buidl-er"
97,"Gitcoin","Eric BerryOSS Funding"
98,"Gitcoin","Alisa MarchUser Experience Design"
99,"Gitcoin","Kevin OwockiFounder ""All the things"""
100,"Core Scientific","Kristy-Leigh MinehanFormer Chief Technology Officer"
101,"Core Scientific","Ganesh BalakrishnanChief Product Officer, Blockchain"
102,"Core Scientific","Jim BenedettoChief Data Officer"
103,"Core Scientific","Ian FerreriaChief Product Officer AI"
104,"Core Scientific","Aber WhitcombDirector"
105,"Core Scientific","Kevin TurnerPresident & Chief Executive Officer"
106,"Miner Bros Limited","Mausam PatelCEO"
107,"MeterQubes","Arif AnsariChief Operations Officer"
108,"MeterQubes","Leyth Al HinaiChief Information Officer"
109,"MeterQubes","Neville EpaChief Trading Strategist"
110,"MeterQubes","Fahd SaifuddinChief Technology Officer"
111,"MeterQubes","Ahmed Al MarjebyCo-founder & Chief Executive Officer"
112,"Crypto Finance","Fabian Schaer PhDBoard Member at Crypto Fund AG"
113,"Crypto Finance","Tobias Reichmuth PhDChairman of the Board of Directors & Co-founder at Crypto Finance AG"
114,"Crypto Finance","Philipp Cottier PhDChairman of the Board of Directors at Crypto Fund AG"
115,"Crypto Finance","Marc P. BerneggerBoard Member at Crypto Finance AG"
116,"Crypto Finance","Raymond J. BaerBoard Member at Crypto Finance AG"
117,"Crypto Finance","Alexander Vogel, LL.M.Board Member at Crypto Broker AG"
118,"Crypto Finance","Jan BrzezekCEO, Founder & Board Member at Crypto Finance AG"
119,"tZERO","Alan KonevskyCLO"
120,"tZERO","Joel QuallCFO"
121,"tZERO","Amit GoyalCTO"
122,"tZERO","Elliot GrossmanCEO, Retail Division"
123,"tZERO","Steve HopkinsPresident"
124,"tZERO","Saum NoursalehiCEO"
125,"Bitcoin Foundation","Vinny LinghamBoard Member"
126,"Bitcoin Foundation","Michael PerklinBoard Member"
127,"Bitcoin Foundation","Bruce FentonBoard Member"
128,"Bitcoin Foundation","Bobby LeeVice Chairman"
129,"Bitcoin Foundation","Brock PierceChairman"
130,"nChain","Craig WrightChief Scientist"
131,"nChain","Jimmy NguyenChair, Strategic Advisory Board (ex-CEO)"
132,"nChain","David WashburnCEO"
133,"Morgan Creek Digital Assets","Anthony PomplianoFounder and Partner"
134,"Morgan Creek Digital Assets","Mark YuskoFounder, CEO, and Chief Investment Officer"
135,"Block.one","James MendesChief People Officer"
136,"Block.one","Alex ErasmusChief Legal Officer"
137,"Block.one","Eddie SchwartzChief Information Security Officer"
138,"Block.one","Kokuei (Guo) YuanExecutive Chairman"
139,"Block.one","Michael AlexanderChief Executive Officer, EOS VC"
140,"Block.one","Steve EllisChief Financial Officer"
141,"Block.one","Andrew BlissChief Operating Officer"
142,"Block.one","Rob JesudasonGroup President"
143,"Block.one","Dan LarimerChief Technology Officer"
144,"Block.one","Brock PierceCo-Founder"
145,"Block.one","Brendan BlumerChief Executive Officer"
146,"Blockstation","Jai WatermanCTO & Chief Enterprise Architect, Co-founder"
147,"Blockstation","Marko M. HafezPresident, Co-founder"
148,"ARYZE","Michaela HendricksonBrand Manager"
149,"ARYZE","Jodi Usama HusainIT & Business Development"
150,"ARYZE","Rasmus BruunCCO"
151,"ARYZE","Carl JensterCo-founder & Community Manager"
152,"ARYZE","Morten NielsenCo-founder & CFO"
153,"ARYZE","Jack NikogosianFounder & CEO"
154,"CODEX","Katoshi DoljenkoCMO"
155,"CODEX","Yaroslav ShchubelkaPM"
156,"CODEX","Stan CherviakovCTO"
157,"CODEX","Serge VasylchukFounder & CEO"
158,"Bitfury","Valery NebesnyCo-Founder & Strategic Technical Advisor, past CTO"
159,"Bitfury","Valery VavilovCo-Founder & Chief Executive Officer"
160,"Mastercard","Ajay BangaPresident and Chief Executive Officer"
161,"ShapeShift","JonCo-Founder & Chief Operating Officer"
162,"ShapeShift","Erik VoorheesFounder & CEO"
163,"TokenInsight","Alex ZuoCo-Founder & COO"
164,"TokenInsight","Tao HuFounder & CEO"
165,"AZ Blockchain","Andrew ZapotochnyiCEO"
166,"Fidelity Investments","Abigail JohnsonCEO"
167,"Genesis Mining","Björn ArztChief Legal Officer"
168,"Genesis Mining","Shah HafiziChief Compliance Officer"
169,"Genesis Mining","Philip SalterHead of Operations"
170,"Genesis Mining","Marco StrengCo-Founder"
171,"Genesis Mining","Dr. Marco KrohnCEO & Co-Founder"
172,"Poloniex","Tristan D'AgostaFounder and CEO"
173,"Digital Ark","Alexander MunnikDirector"
174,"Digital Ark","Chris PsallidasFounder"
175,"Openledger","Ronny BoesingCEO and Founder"
176,"Kraken","Dan HeldDirector of Business Development"
177,"Kraken","Jesse PowellCEO and Co-founder"
178,"CryptoPanic","Kaspars SprogisFounder"
179,"Bitstamp","Stéphane LeloupHead of Legal"
180,"Bitstamp","Michel LeyersChief Compliance Officer"
181,"Bitstamp","Vasja ZupanChief Operating Officer"
182,"Bitstamp","David OsojnikChief Technology Officer"
183,"Bitstamp","Edward KempChief Financial Officer"
184,"Bitstamp","Nejc KodričChief Executive Officer"
185,"Hyperledger","Jessica RampenSr. PR Manager"
186,"Hyperledger","Emily KurzeSr. Marketing Manager"
187,"Hyperledger","David HusebySecurity Maven"
188,"Hyperledger","David BoswellDirector of Ecosystem"
189,"Hyperledger","Daniela BarbosaVP of World Wide Alliances"
190,"Hyperledger","Brian BehlendorfExecutive Director"
191,"Goldman Sachs","Martin ChavezExecutive Vice President and Chief Financial Officer"
192,"Goldman Sachs","John E. WaldronPresident and Chief Operating Officer"
193,"Goldman Sachs","David SolomonChief Executive Officer"
194,"Goldman Sachs","Lloyd C. BlankfeinChairman"
195,"Bithumb","Junga LeeVP"
196,"Bithumb","Heo Back-YoungCEO"
197,"Digital Asset Management","Thomas JohnsonCo founder and Head of Operations"
198,"Digital Asset Management","Philip VasquezCo Founder & Head of Compliance"
199,"Digital Asset Management","Sam BuxtonCo Founder and CEO"
200,"BitGo","Will O'BrienFormer Co-founder"
201,"BitGo","Ben DavenportFormer Co-Founder"
202,"BitGo","Benedict ChanCTO"
203,"BitGo","Mike BelsheCEO & Co-founder"
204,"Conversion Wizards","Jon PowellPrincipal Consultant"
205,"Conversion Wizards","Yinso ChenCTO/Principal Consultant (Data Science)"
206,"Conversion Wizards","Jasper KuriaManaging Partner & Chief Optimizer"
207,"Chainalysis","Jonathan LevinCOO, Co-Founder"
208,"Chainalysis","Jan MollerCTO, Co-Founder"
209,"Chainalysis","Michael Gronager, PhDCEO, Co-Founder"
210,"Blockchain, Inc.","Peter WilsonVP Engineering"
211,"Blockchain, Inc.","Chris LaveryVP Finance & Operations"
212,"Blockchain, Inc.","Matt TuzzoloCTO"
213,"Blockchain, Inc.","Marco SantoriPresident & Chief Legal Officer"
214,"Blockchain, Inc.","Liana Douillet GuzmanCOO"
215,"Blockchain, Inc.","Nicolas CaryCo-Founder & Vice Chairman"
216,"Blockchain, Inc.","Peter SmithCEO & Co-Founder"
217,"Issuance","Christian SheltonCo-founder & CMO"
218,"Issuance","Darren MarbleCo-founder & CEO"
219,"BlockVC","Yanbo LiTechnical Advisor"
220,"BlockVC","Alan LeeCOO"
221,"BlockVC","Kira SunInvestment Manager"
222,"BlockVC","Chong WangCIO"
223,"BlockVC","Kevin HsuFounder"
224,"Node Capital","Jun DuFounder | CEO"
225,"Blockchain Capital","Brock PierceFormer Co-founder"
226,"Blockchain Capital","W. Bradford StephensCo-founder & Managing Partner"
227,"Blockchain Capital","P. Bart StephensCo-founder & Managing Partner"
228,"Andreessen Horowitz","Katie HaunGeneral Partner, a16z crypto"
229,"Andreessen Horowitz","Jesse WaldenInvestment Team, a16z crypto"
230,"Andreessen Horowitz","Hilary KivitzOperations, a16z crypto"
231,"Andreessen Horowitz","Denis NazarovInvestment Team, a16z crypto"
232,"Andreessen Horowitz","Dan BonehResearch Partner, a16z crypto"
233,"Andreessen Horowitz","Corban BellFinance & Operations, a16z crypto"
234,"Andreessen Horowitz","Chris DixonGeneral Partner, a16z crypto"
235,"Andreessen Horowitz","Ali YahyaInvestment Team, a16z crypto"
236,"Andreessen Horowitz","Marc AndreessenCo-founder and General Partner"
237,"Andreessen Horowitz","Ben HorowitzCo-founder and General Partner"
238,"Pantera Capital","Jed McCalebSenior Advisor"
239,"Pantera Capital","Paul BrodskyPartner"
240,"Pantera Capital","Paul VeradittakitPartner"
241,"Pantera Capital","Lauren StephanianInvestment Associate"
242,"Pantera Capital","Ryan DavisChief Financial Officer"
243,"Pantera Capital","Matt Gorham, CFAChief Operating Officer"
244,"Pantera Capital","Bill HealyPresident"
245,"Pantera Capital","Joey KrugCo-Chief Investment Officer"
246,"Pantera Capital","Dan MoreheadCo-Founder & CEO"
247,"Digital Currency Group","Matt TurckInvestment Committee | Managing Director, Firstmark Capital"
248,"Digital Currency Group","Matt HarrisInvestment Committee | Managing Director, Bain Capital Ventures"
249,"Digital Currency Group","Jim RobinsonInvestment Committee | Managing Partner, Rre Ventures"
250,"Digital Currency Group","Lawrence H. SummersBoard Advisor"
251,"Digital Currency Group","Lawrence LenihanBoard Member | Investment Committee | Co-CEO & Co-founder, Resonance"
252,"Digital Currency Group","Glenn HutchinsBoard Member | Co-founder, Silver Lake"
253,"Digital Currency Group","Christiane ShawExecutive Assistant"
254,"Digital Currency Group","Whitney SimmonsOffice Manager"
255,"Digital Currency Group","Larry SukernikAnalyst, Investments"
256,"Digital Currency Group","Jigar ShahAssistant Controller"
257,"Digital Currency Group","Simi WurtzelVP, Finance"
258,"Digital Currency Group","Casey TaylorDirector, Development"
259,"Digital Currency Group","Mark MurphyVP, Public Affairs"
260,"Digital Currency Group","Travis ScherVP, Investments"
261,"Digital Currency Group","Barry SilbertCEO & Founder"
262,"CrowdfundX","Lizzy EddyPaid Media Manager"
263,"CrowdfundX","Robert ChandlerStrategic Consultant"
264,"CrowdfundX","Gabriela MezaExecutive Assistant"
265,"CrowdfundX","Vanessa BristContent Marketing Manager"
266,"CrowdfundX","AJ YaspanDigital Marketing Manager"
267,"CrowdfundX","Aaron MendezDirector of Marketing"
268,"CrowdfundX","Christian SheltonDirector of Production and Delivery"
269,"CrowdfundX","Darren MarbleCEO"
270,"Gresham International","Cal EvansManaging Consultant"
271,"Bitmain","Micree ZhanFormer Co-Founder"
272,"Bitmain","Jihan WuCo-Founder"
273,"InboundJunction","Ben JacobsoSenior Content Strategist"
274,"InboundJunction","Orian TalVP of Operations"
275,"InboundJunction","Itai ElizurCOO"
276,"InboundJunction","Elad MorPresident"
277,"InboundJunction","Ofir EnglinCBDO"
278,"InboundJunction","Nadav DaknerCEO"
279,"Omise","June SeahChief Business Development Officer"
280,"Omise","Luke ChengChief Financial Officer"
281,"Omise","Robin ClartChief Technology Officer"
282,"Omise","Frederico AraujoChief Information Officer"
283,"Omise","Ezra Don HarinsutCOO / Co-Founder"
284,"Omise","Jun HasegawaCEO / Founder"
285,"Coin Center","Susan AtheyBoard of Directors | Professor of Economics at Stanford Graduate School of Business"
286,"Coin Center","Wences CasaresBoard of Directors | CEO of Xapo, Board Member of PayPal"
287,"Coin Center","Balaji SrinivasanBoard of Directors"
288,"Coin Center","Alex MorcosBOD | Co-founder of Chaincode Labs and Hudson River Trading"
289,"Coin Center","Antonie HodgeOperations Director"
290,"Coin Center","Neeraj K. AgrawalCommunications Director"
291,"Coin Center","Peter Van ValkenburghResearch Director"
292,"Coin Center","Robin WeismanSenior Policy Counsel"
293,"Coin Center","Jerry BritoExecutive Director | BOD"
294,"Reflective Ventures","Shahan KhoshafianSenior Associate"
295,"Reflective Ventures","Jon WestChief Strategy Officer"
296,"Reflective Ventures","Lee CarterPrincipal"
297,"Reflective Ventures","Kevin ValentineVenture Partner"
298,"Reflective Ventures","Mrinal ManoharVenture Partner"
299,"Reflective Ventures","Steve CareagaGeneral Partner"
300,"Reflective Ventures","David OttoGeneral Partner"
301,"Reflective Ventures","Greg HeussManaging Partner"
302,"Coinme","Michael SmyersCo-Founder, Engineering and Product"
303,"Coinme","Neil BergquistCo-Founder and CEO"
304,"TF Blockchain","Jonathan G. BlancoCEO & Founder"
305,"Arrington XRP Capital","Geoffrey AronePartner"
306,"Arrington XRP Capital","Heather HardePartner"
307,"Arrington XRP Capital","Michael ArringtonPartner"
308,"Pithia","Ed EykholtFounder & Board Member"
309,"Pithia","Greg MeredithFounder & Board Member"
310,"Pithia","Tamara RogersGeneral Counsel"
311,"Pithia","Navneet SumanManaging Director"
312,"Pithia","Rolland WatersManaging Director"
313,"Pithia","Lawrence LernerCEO & Board Member"
314,"New Alchemy","Ted LeungChief Technology Officer"
315,"New Alchemy","JC FigueroaDirector of Operations"
316,"New Alchemy","Peter BrownVice President of Sales"
317,"New Alchemy","Kenneth EverettDirector of Engineering"
318,"New Alchemy","Gwen SheridanChief Operating Officer"
319,"New Alchemy","Martin GarthwaiteGeneral Counsel"
320,"New Alchemy","Byron NutleyChief Financial Officer"
321,"New Alchemy","Hans OlsenPresident"
322,"New Alchemy","Peter VessenesFounder, Chairman"
323,"Bloccelerate","Sheikh Mohammed IrfanVP of Global Operations"
324,"Bloccelerate","Kate MitselmakherCEO & Founder"
325,"CryptoLaw Partners","Gordon H. EinsteinFounding Partner"
326,"Perkins Coie LLP","Steven HedbergChief Operating Officer, Staff Leadership"
327,"Perkins Coie LLP","David F. McSheaExecutive Committee Chair (Seattle)"
328,"Perkins Coie LLP","John DevaneyManagement Committee Chair (Washington, D.C.)"
329,"MarketAcross","Kim BazakAccount Manager"
330,"MarketAcross","Nadav DaknerFounder"
331,"MarketAcross","Elad MorFounder & CEO"
332,"Lightning Labs","Joost JagerLightning Infrastructure Engineer"
333,"Lightning Labs","Bryan VuVP of Product"
334,"Lightning Labs","Olaoluwa OsuntokunCTO & Co-Founder"
335,"Lightning Labs","Joseph PoonCo-Founder"
336,"Lightning Labs","Elizabeth StarkCEO & Co-Founder"
337,"YAP Global","Samantha YapFounder, Media Strategist"
338,"#Hashed","Alex ShinChief Business Officer"
339,"#Hashed","Jinwoo ParkChief Software Architect"
340,"#Hashed","Ryan Sungho KimChief Acceleration Officer"
341,"#Hashed","Ethan Kyuntae KimChief Technology Officer"
342,"#Hashed","Hwisang KimChief Investment Officer"
343,"#Hashed","Simon Seojoon KimChief Executive Officer"
344,"Truffle","Nick PaternoBlockchain Engineer"
345,"Truffle","Mike SeeseTechnical Lead for Truffle Teams"
346,"Truffle","Josh QuintalHead of Product & Marketing"
347,"Truffle","Kevin BluerHead of Curriculum & Training"
348,"Truffle","Nick D'AndreaHead of Engineering"
349,"Truffle","Adrian LiSoftware Development Lead - Front-end"
350,"Truffle","Wes McVayVice President, Global Strategic Partnerships"
351,"Truffle","Tim CoulterFounder & CEO"
352,"ShortHop","Lindsay Danas CohenCOO and General Counsel"
353,"ShortHop","William KinneyCTO & Co-Founder"
354,"ShortHop","Jonathan KelferCEO & Co-Founder"
355,"ZenLedger","Saqib RasoolCRO"
356,"ZenLedger","Drew NordstromPresident"
357,"ZenLedger","Bryan StarbuckCTO"
358,"ZenLedger","Pat LarsenCEO"
359,"Huobi Global","Shupeng WuChief Security Officer"
360,"Huobi Global","Chris LeeChief Financial Officer & Board Secretary"
361,"Huobi Global","Jiawei ZhuChief Operating Officer"
362,"Huobi Global","Xianfeng ChengChief Technology Officer"
363,"Huobi Global","Leon LiChairman, Founder & CEO"
364,"BTSE","Yew Chong QuakCTO"
365,"BTSE","Joshua SohCOO"
366,"BTSE","Brian WongCo-Founder"
367,"BTSE","Jonathan LeongCEO & Co-Founder"
368,"Stellar Development Foundation","Jed McCalebFounder and Chief Architect"
369,"Stellar Development Foundation","Denelle DixonCEO and Executive Director"
370,"Conflux","Ming WuCTO"
371,"Conflux","Wei XuResearch Scientist"
372,"Conflux","Andrew Chi-Chih YaoChief Scientist"
373,"Conflux","Fan LongFounder"
374,"Ethereum Foundation","Jeffrey WilckeFormer Technical Steering Group | Co-Founder of Ethereum"
375,"Ethereum Foundation","Virgil GriffithResearch Scientist"
376,"Ethereum Foundation","Patrick StorcheneggerFoundation Council | Attorney at Law & Notary Public"
377,"Ethereum Foundation","Vitalik ButerinFoundation Council | Creator of Ethereum"
378,"IOTA Foundation","Serguei PopovMember Board of Directors & Founder"
379,"IOTA Foundation","Dominik SchienerCo-Chairman of the Board of Directors & Co-Founder"
380,"IOTA Foundation","David SønstebøCo-Chairman of the Board of Directors & Co-Founder"
381,"ZBG","Olesia ProkopenkoHead Of International Business Development"
382,"ZBG","Allen CheungCTO"
383,"ZBG","Jacky LeeCOO"
384,"ZBG","Lizzie LoCMO"
385,"ZBG","Omar ChenCo-founder, CEO"
386,"ChangeNOW","Pauline ShangettCMO"
387,"Decoin","Nadav MosheFounder & CTO"
388,"Decoin","Shay PerryCEO"
389,"Cartesi","Colin SteilChief Operating Officer"
390,"Cartesi","Diego Nehab, PhDChief Technology Officer"
391,"Cartesi","Augusto Teixeira, PhDChief Scientific Officer"
392,"Cartesi","Erick de MouraChief Executive Officer"
393,"FTX","Gary WangCTO"
394,"FTX","Sam Bankman-FriedCEO"
395,"Bitwise","John Hyland, CFAGlobal Head of Exchange Traded Products"
396,"Bitwise","Martha ShearMD, Head of Business Development"
397,"Bitwise","Matt HouganGlobal Head of Research"
398,"Bitwise","Teddy FusaroCOO"
399,"Bitwise","Hong KimCTO"
400,"Bitwise","Hunter HorsleyCEO"
401,"TokenMinds","Chris YeongBusiness Development Specialist"
402,"TokenMinds","Wilhelm PabstSenior Marketing Project Manager"
403,"TokenMinds","Simonas RadkeviciusSenior Consultant"
404,"TokenMinds","Anchor ChanSenior Consultant"
405,"TokenMinds","Rob EijgenraamFounder, Director"
406,"TokenAnalyst","Simon O'Hanlon, PhD"
407,"TokenAnalyst","Cesar Pantoja, PhD"
408,"TokenAnalyst","Ankit Chiplunkar, PhD"
409,"TokenAnalyst","Jendrik Poloczek"
410,"TokenAnalyst","Sid Shekhar"
411,"TokenAnalyst","Jai Prasad"
412,"Bitcoin Club Malta","Leon SiegmundFounder"
413,"Coinfirm","Grant BlaisdellCo-Founder & CMO"
414,"Coinfirm","Jakub FijolekCo-Founder & CTO"
415,"Coinfirm","Pawel AleksanderCo-Founder & CIO"
416,"Coinfirm","Pawel KuskowskiCo-Founder & CEO"
417,"WTIA Cascadia Blockchain Council","Mark Mueller-EbersteinCEO, Adgetec"
418,"WTIA Cascadia Blockchain Council","Chris SpantonSr. Architect – Blockchain, T-Mobile"
419,"WTIA Cascadia Blockchain Council","Pamela DingleDirector, Identity Standards, Microsoft"
420,"WTIA Cascadia Blockchain Council","Jesse ProudmanFounder, Strix Leviathan"
421,"WTIA Cascadia Blockchain Council","John deVadossHead of Development at NEO"
422,"WTIA Cascadia Blockchain Council","Jesse AdamsCEO, Tenta Browser"
423,"WTIA Cascadia Blockchain Council","Joe CutlerPartner, Perkins Coie"
424,"WTIA Cascadia Blockchain Council","Robert MaoFounder and CEO of ArcBlock, Inc"
425,"WTIA Cascadia Blockchain Council","Lawrence LernerPresident of Consulting, Dragonchain"
426,"WTIA Cascadia Blockchain Council","Dr. Joseph WilliamsICT Sector Lead, WA Dept of Commerce"
427,"WTIA Cascadia Blockchain Council","Michael SchutzlerCEO, WTIA"
428,"WTIA Cascadia Blockchain Council","Arry YuChair"
429,"Ripple","Ron WillChief Financial Officer"
430,"Ripple","Eric Van MiltenburgSVP of Business Operations"
431,"Ripple","Marcus TreacherSVP of Customer Success"
432,"Ripple","John MitchellSVP of Global Sales"
433,"Ripple","Monica LongSVP of Marketing and Communications"
434,"Ripple","Sandi KochharVP of People"
435,"Ripple","Christopher KanaanSVP of Engineering"
436,"Ripple","Cory JohnsonChief Market Strategist"
437,"Ripple","Kahina Van DykeSVP of Business and Corporate Development"
438,"Ripple","Asheesh BirlaSVP of Product"
439,"Ripple","Ethan BeardSVP of Xpring"
440,"Ripple","David SchwartzCTO"
441,"Ripple","Brad GarlinghouseCEO"
442,"EAK Digital","Erhan KorhalillerFounder/CEO"
443,"R3","Brian McnultyHead Of Services"
444,"R3","Alisa DicaprioHead Of Research"
445,"R3","Adam FurgalHead Of Delivery Services"
446,"R3","Todd McdonaldCo-founder, Head Of Partnerships"
447,"R3","Jesse EdwardsCo-founder, Head Of Corporate Development"
448,"R3","David E. RutterFounder, Chief Executive Officer"
449,"Band Protocol","Soravis SrinawakoonCEO & Co-Founder"
450,"Messari","Dan McArdleCTO"
451,"Messari","Ryan SelkisCEO & Co-Founder"
452,"Blockstream","Gregory MaxwellFormer Co-Founder & CTO"
453,"Blockstream","Samson MowChief Strategy Officer"
454,"Blockstream","Erik SvensonCo-Founder and Chief Operating Officer"
455,"Blockstream","Mark FriedenbachCo-Founder and Infrastructure Tech Engineer"
456,"Blockstream","Jonathan WilkinsCo-Founder and Chief Security Officer"
457,"Blockstream","Pieter WuilleCo-Founder and Core Tech Engineer"
458,"Blockstream","Adam BackCo-Founder & CEO"
459,"Overbit","Chieh LiuCEO & Founder"
460,"OpenCrowd","Brad BuckHead of Financial Services"
461,"OpenCrowd","Shawn TraynorHead of Solutions"
462,"OpenCrowd","Sushil PrabhuCEO & President"
463,"Draper Goren Holm","Rodney SampsonVenture Partner"
464,"Draper Goren Holm","Shruthi RaoVenture Partner"
465,"Draper Goren Holm","David BleznakVenture Partner"
466,"Draper Goren Holm","Josef HolmFounding Partner"
467,"Draper Goren Holm","Alon GorenFounding Partner"
468,"Draper Goren Holm","Tim DraperSpecial Limited Partner, Borad Member"
469,"Digital Assets Data","Mary AlfredVP of Operations & Legal"
470,"Digital Assets Data","Chris FerraroCTO & VP of Engineering"
471,"Digital Assets Data","Kurt FenstermacherCOO & Co-Founder"
472,"Digital Assets Data","Ryan AlfredPresident"
473,"Digital Assets Data","Mike AlfredCEO & Co-Founder"
474,"Gemini","Tyler WinklevossCo-Founder & CEO"
475,"Gemini","Cameron WinklevossCo-Founder & President"
476,"Neo Foundation","John deVadossHead of Development, North America"
477,"Neo Foundation","Lili ZhaoDirector of Neo Global Development"
478,"Neo Foundation","Erik ZhangCo-Founder of Neo, Chair of Neo Foundation"
479,"Neo Foundation","Da HongfeiCo-Founder of Neo, Chair of Neo Foundation, CEO of NGD"
480,"Santiment","Yura ZatsepinProduct Dev Lead"
481,"Santiment","Valentin MihovCTO"
482,"Santiment","Maksim BalashevichFounder"
483,"Securitize","Shay FinkelsteinCTO / Co-Founder"
484,"Securitize","Jamie FinnPresident / Co-Founder"
485,"Securitize","Carlos DomingoCEO / Co-Founder"
486,"Celsius Network","Aliza LandesVP Lending"
487,"Celsius Network","Liz RabbanVP of Global Business Development"
488,"Celsius Network","Jeremie BeaudryCCO and GC"
489,"Celsius Network","Young ChoCFO"
490,"Celsius Network","Nuke GoldsteinCTO"
491,"Celsius Network","Daniel LeonFounding President & COO"
492,"Celsius Network","Alex MashinskyCEO & Founder"
493,"CipherTrace","Stephen RyanChief Operating Officer"
494,"CipherTrace","Shannon HollandChief Technical Officer"
495,"CipherTrace","Dave JevansChief Executive Officer"
496,"EMURGO","Shunsuke MurasakiCEO of EMURGO Indonesia"
497,"EMURGO","Nicolas ArquerosChief Technology Officer"
498,"EMURGO","Florian BohnertChief Marketing Officer, Japan Director"
499,"EMURGO","Manmeet SinghChief Investment Officer"
500,"EMURGO","Ken KodamaCEO & Founder"
501,"Compound","Calvin LiuStrategy Lead"
502,"Compound","Torrey AtcittyApplication Lead"
503,"Compound","Geoffrey HayesCTO"
504,"Compound","Robert LeshnerCEO"
505,"YouHodler","Alex VinnyHead of Product"
506,"YouHodler","Renat GafarovCTO"
507,"YouHodler","Ilya VolkovCEO"
508,"Bluezelle","Pavel BainsCEO"
509,"Phemex","Federico VariolaSecurity and Strategy Consultant"
510,"Phemex","Cecilia WangHead of Marketing"
511,"Phemex","Yang DuTrading System Architect"
512,"Phemex","Jack TaoCEO"
513,"Nym","Alexis RousselChief Operating Officer"
514,"Nym","Jedrzej StuczynskiDeveloper"
515,"Nym","Aggelos KiayiasScientific Advisor"
516,"Nym","Jess HrycyszynHead of Product & Partnerships"
517,"Nym","Ania PiotrowskaHead of Research"
518,"Nym","Claudia DiazChief Scientist"
519,"Nym","Dave HrycyszynChief Technology Officer"
520,"Nym","Harry HalpinCEO and Chairman of Scientific Board"
521,"Bitfinex","Peter WarrackChief Compliance Officer"
522,"Bitfinex","Stuart HoegnerGeneral Counsel"
523,"Bitfinex","Giancarlo DevasiniChief Financial Officer"
524,"Bitfinex","Paolo ArdoinoChief Technology Officer"
525,"Bitfinex","Jean-Louis van der VeldeChief Executive Officer"
526,"Solana","Eric Williams, PhDChief Scientist"
527,"Solana","Raj GokalCOO"
528,"Solana","Greg FitzgeraldCTO"
529,"Solana","Anatoly YakovenkoCEO"
530,"Bittrex","Rami KawachCo-Founder and Chief Technology Officer"
531,"Bittrex","Richie LaiCo-Founder and CIO"
532,"Bittrex","Bill ShiharaCo-Founder and CEO"
533,"Parity Technologies","Gavin WoodFounder/President"
534,"CryptoSlate","Matthew BlancarteCTO / Co-Founder"
535,"CryptoSlate","CEO & Co-Founder"
536,"Crypto Briefing","Nathan BatchelorLead Bitcoin Analyst SIMETRI"
537,"Crypto Briefing","Jay PuteraDir. Business Development"
538,"Crypto Briefing","Mitchell MoosManaging Editor"
539,"Crypto Briefing","Han KaoFounder & Chief Executive Officer"
540,"ZBX","Dawei LiCOO"
541,"ZBX","Kevin ZhangCTO"
542,"ZBX","Ian DawsonCFO"
543,"ZBX","Jimmy ZhaoCMO"
544,"ZBX","Dave PulisCEO"
545,"AAX","Thor ChanCEO"
546,"Akoin","Khady Thiam GueyeDirector, Brand Marketing and Content"
547,"Akoin","Lynn LissCOO & Co-Founder"
548,"Akoin","Jon KarasPresident"
549,"Akoin","AkonCreator"
550,"Anycoin Direct","JulianFounder/CTO"
551,"Anycoin Direct","BramFounder/CEO"
552,"Anycoin Direct","LennertFounder/CEO"
553,"Stably","David ZhangCo-Founder & Chief Technology Officer"
554,"Stably","Kory HoangCo-Founder & Chief Executive Officer"
555,"Revolut","Vlad YatsenkoFounder & CTO"
556,"Revolut","Nikolay StoronskyFounder & CEO"
557,"Nexo","Antoni TrenchevManaging Partner"
558,"Currency.com","Jonathan SquiresCEO"
559,"Binance","Ling ZhangDirector at Binance Labs"
560,"Binance","Flora SunDirector at Binance Labs"
561,"Binance","Christy ChoiDirector at Binance Labs"
562,"Binance","Benjamin RameauDirector at Binance Labs"
563,"Binance","Teck ChiaPartner at Binance Labs"
564,"Binance","Ella ZhangHead of Binance Labs"
565,"Binance","Wei ZhouCFO"
566,"Binance","Yi HeCMO & Co-Founder"
567,"Binance","Changpeng ZhaoCEO & Co-Founder"
568,"Grayscale Investments","Barry SilbertFounder and CEO"
569,"MicroStrategy","Michael SaylorChairman & CEO"
570,"Strix Leviathan","Andrew AntczakQuantitative Analyst Intern"
571,"Strix Leviathan","Kaleb NunnJunior Quantitative Analyst"
572,"Strix Leviathan","Matt HeaterBusiness Development"
573,"Strix Leviathan","Liz FongLegal and Operations"
574,"Strix Leviathan","Nico CordeiroChief Investment Officer"
575,"Strix Leviathan","Sadie RaneyCo-Founder, Operations"
576,"Strix Leviathan","Jesse ProudmanCo-Founder, CEO"
577,"Mogul Productions","Lyriq Bent"
578,"Mogul Productions","James Pratt"
579,"Mogul Productions","David Cormican"
580,"Mogul Productions","Cindy Cowan"
581,"Mogul Productions","Gagan Grewal"
582,"Mogul Productions","Lisa SunPresident, Founder"
583,"Coinbase","Fred EhrsamFormer Co-Founder"
584,"Coinbase","Balaji SrinivasanFormer CTO"
585,"Coinbase","Asiff S HirjiFormer President & COO"
586,"Coinbase","Emilie ChoiVP of Corporate & Business Development"
587,"Coinbase","Alesia Jeanne HaasCFO"
588,"Coinbase","Brian ArmstrongCEO & Co-Founder"
589,"C-Trade","Anson LeeCOO"
590,"C-Trade","Mike TingCSO"
591,"C-Trade","Edmund LeeCEO"
592,"Bitbuy","Jordan AndersonCOO"
593,"Bitbuy","Adam GoldmanFounder and President"
594,"MediaX Agency","Suvrangsu DasFounder/CEO"
595,"ZebPay","Avinash ShekharCo-CEO"
596,"ZebPay","Rahul PagidipaiCo-CEO"
597,"Paradox Group","Paul BurnhamCo-Founder"
598,"Paradox Group","Milo McCloudCreative Director & Co-Founder"
599,"CommerceBlock","Nicholas GregoryFounder"
600,"Bybit","Ben ZhouCEO & Co-Founder"
601,"Aeon Law","Susi StuartAttorney"
602,"Aeon Law","Jonathan OlsonAttorney"
603,"Aeon Law","David V.H. CohenAttorney"
604,"Aeon Law","Adam L.K. PhilippFounder | Patent Attorney"
605,"OKX","Lennix LaiDirector of Financial Markets"
606,"OKX","Alysa XuChief Strategy Officer"
607,"OKX","Jay HaoCEO"
608,"Footprint Analytics","ZoniResearch Lead"
609,"Footprint Analytics","ShellyGrowth Lead"
610,"Footprint Analytics","BernieMarketing Lead"
611,"Footprint Analytics","NavyCEO, Co-founder"
612,"BlockDown","Erhan KorhalillerFounder & CEO"
613,"SolRazr","Sreekanth KalapurFounder"
614,"SolRazr","Vijay KalangiFounder"
615,"Quantum Economics","Ethan PierseDirector of Tokenization"
616,"Quantum Economics","Rachel WolfsonEnterprise Blockchain Analyst"
617,"Quantum Economics","Lou KernerHead Crypto Analyst"
618,"Quantum Economics","Evamarie AugustineDirector of FinTech"
619,"Quantum Economics","Charles BovairdVP of Content"
620,"Quantum Economics","Mati GreenspanFounder & CEO"
621,"Velo Trust","Lilian NormanAdministrative Director"
622,"Velo Trust","Greg DawsonChief Administrative Officer"
623,"Ignite","Chjango UnchainedDirector of Community"
624,"Ignite","Jim YangStrategy"
625,"Ignite","Anton KaliaevSoftware Engineer"
626,"Ignite","Peng ZhongChief Design Officer"
627,"Ignite","Ethan BuchmanCo-founder"
628,"Ignite","Jae KwonCEO & Founder"
629,"Galaxy Digital","Andrew Neal SiegelChief Compliance Officer"
630,"Galaxy Digital","Lindsay TraglerMarketing Director & Investor Relations"
631,"Galaxy Digital","Donna M MiliaChief Financial Officer"
632,"Galaxy Digital","Richard KimChief Operating Officer"
633,"Galaxy Digital","Kim PillemerGeneral Counsel"
634,"Galaxy Digital","Ivan BrightlyHead: Research"
635,"Galaxy Digital","Sam EnglebardtHead: Strategic Partnerships"
636,"Galaxy Digital","Christopher FerraroHead: Principal Investments"
637,"Galaxy Digital","Richard Joseph TavosoPresident"
638,"Galaxy Digital","Michael NovogratzChairman & CEO"
639,"Circle","Sean NevilleCo-Founder & President of Product & Operations"
640,"Circle","Jeremy AllaireCo-Founder & CEO"
641,"BlockFi","David SpackChief Compliance Officer"
642,"BlockFi","Amit CheelaVP of Finance"
643,"BlockFi","Mahesh Paolini-SubramanyaCTO"
644,"BlockFi","Rene van KesterenChief Risk Officer"
645,"BlockFi","Flori MarquezCo-Founder & VP of Growth"
646,"BlockFi","Zac PrinceCEO & Founder"
647,"Matterblock","Erhan KorhalillerCo-Founder"
648,"Matterblock","Zia WordCo-Founder"
649,"Bity","Alejandro AvilésCTO"
650,"Bity","Yves HonoréCo-founder and COO"
651,"Bity","Alexis RousselCo-founder and CEO"
652,"BitMEX","Arthur HayesFormer Co-Founder and CEO"
653,"BitMEX","Samuel ReedCo-Founder and CTO"
654,"BitMEX","Ben DeloCo-Founder and CSO"
655,"BitMEX","Alexander HöptnerCEO"
656,"ConsenSys","Jeremy MillarChief of Staff | Founding Board Member EEA"
657,"ConsenSys","Sam CassattChief Strategy Officer"
658,"ConsenSys","Joseph LubinFounder"
659,"Dfinity","Jan CamenischChief Technology Officer"
660,"Dfinity","Josh DrakeChief Operating Officer"
661,"Dfinity","Dominic WilliamsFounder & Chief Scientist"
662,"LimeWire","Sara MoricCommunications & PR"
663,"LimeWire","Alex EriksenArtist Acquisition"
664,"LimeWire","Florestan RoesemannCreative Director"
665,"LimeWire","Reinhold LacknerCFO"
666,"LimeWire","David Spitzer-DulaganCTO"
667,"LimeWire","Marcus FeistlCOO"
668,"LimeWire","Ivis BuricCCO"
669,"LimeWire","Julian ZehetmayrFounder & Co-CEO"
670,"LimeWire","Paul ZehetmayrFounder & Co-CEO"
671,"CoinDesk","Kevin WorthCEO"
672,"CoinDesk","Shakil KhanFounder"
673,"Three Arrows Capital",""
674,"Three Arrows Capital","Su ZhuCo-Founder / CEO"
675,"Magic Eden","Zhuojie ZhouChief Engineer"
676,"Magic Eden","Zhuoxun YinChief Operating Officer"
677,"Magic Eden","Sidney ZhangChief Technology Officer"
678,"Magic Eden","Jack LuChief Executive Officer"
679,"Decrypt","Josh QuittnerCEO"
680,"Bakkt","Adam WhiteCOO"
681,"Bakkt","Kelly LoefflerFormer CEO"
682,"Coinbase NFT","Paul GrewalChief Legal Officer"
683,"Coinbase NFT","L.J. BrockChief People Officer"
684,"Coinbase NFT","Alesia HaasChief Financial Officer"
685,"Coinbase NFT","Surojit ChatterjeeChief Product Officer"
686,"Coinbase NFT","Emilie ChoiPresident and Chief Operating Officer"
687,"Coinbase NFT","Brian ArmstrongCEO & Co-Founder"
688,"Bridgewater Associates","Igor TsyganskiyPresident & Chief Technology Officer"
689,"Bridgewater Associates","Greg JensenCo-Chief Investment Officer"
690,"Bridgewater Associates","Bob PrinceCo-Chief Investment Officer"
691,"Bridgewater Associates","Mark BertoliniCo-Chief Executive Officer"
692,"Bridgewater Associates","Nir Bar DeaCo-Chief Executive Officer"
693,"Bridgewater Associates","Ray DalioCo-Chief Investment Officer & Chairman"
694,"Paradigm","Georgios KonstantopoulosResearch Partner and CTO"
695,"Paradigm","Reena Jashnani-SlusarzGC & CCO"
696,"Paradigm","Nathan ApselCFO"
697,"Paradigm","Alana PalmedoPartner and COO"
698,"Paradigm","Matt HuangCo-Founder & Managing Partner"
699,"Paradigm","Fred EhrsamCo-Founder & Managing Partner"
700,"GhostRider Ventures","Ryan TetraultFounder"
701,"Crypto.com NFT","Bobby BaoHead of Corporate Development"
702,"Crypto.com NFT","Gary OrCTO"
703,"Crypto.com NFT","Rafael MeloCFO"
704,"Crypto.com NFT","Kris MarszalekCEO"
705,"LooksRare","GutsCo-Founder"
706,"LooksRare","ZoddCo-Founder"
707,"Singular","IliaCo-founder Lead Developer"
708,"Singular","Yuri GiiCo-founder Lead Developer"
709,"Singular","Yuri PetuskoCTO, Co-founder Lead Developer"
710,"Singular","Bruno ŠkvorcFounder"
711,"Input Output","Jeremy WoodCo-Founder, Chief Strategy Officer"
712,"Input Output","Charles HoskinsonCo-Founder, Chief Executive Officer"
713,"Ava Labs","Aaron BuchwaldSoftware Engineer"
714,"Ava Labs","Lee SchneiderGeneral Counsel"
715,"Ava Labs","Chris LaveryCFO"
716,"Ava Labs","John WuPresident"
717,"Ava Labs","Kevin SekniqiCOO"
718,"Ava Labs","Emin Gün SirerCEO"
719,"Haun Ventures","Kathryn HaunFounder"
720,"Ascensive Assets","Andrew Lee"
721,"Ascensive Assets","Ben Middleton"
722,"Ascensive Assets","Oliver BlakeyManaging Partner"
723,"Kusama Kingdom","Rachel"
724,"Kusama Kingdom","KBL"
725,"Jsquare","Cheng ZhangTechnical Advisor"
726,"Jsquare","Grace GuiCMO"
727,"Jsquare","Joanna LiangCo-founder, CEO"
728,"Jsquare","James WoCo-founder, Chairman & CIO"
729,"Optimism","Kevin HoCo-Founder and Protocol Product Manager"
730,"Optimism","Karl FloerschCTO"
731,"Optimism","Jinglan WangCo-Founder & Chief Executive Officer"
732,"FTX US Derivatives (formerly LedgerX)","Gary WangCTO"
733,"FTX US Derivatives (formerly LedgerX)","Sam Bankman-FriedCEO"
734,"Sky Mavis","Viet Anh HoCTO LinkedIn"
735,"Sky Mavis","Aleksander L.CO"
736,"Sky Mavis","Trung NguyenCEO"
737,"Digital Finance Group","James WoFounder"
738,"Quadency","Hassan KhanCTO"
739,"Quadency","Fateh SinghCMO"
740,"Quadency","Manish KatariaCOO & Co-Founder"
741,"Quadency","Rosh SinghCEO & Co-Founder"
742,"SwissBorg","Alexander FazelChief Partnership Officer"
743,"SwissBorg","Anthony Lesoismier GenieuxCSO & Co-Founder"
744,"SwissBorg","Cyrus FazelCEO & Co-Founder"
745,"Delphi Digital","Petro VermuelenHead of Admin"
746,"Delphi Digital","Jose Maria MacedoHead of Delphi Labs"
747,"Delphi Digital","Medio DemarcoHead of Research"
748,"Delphi Digital","Luke SaundersCTO - Delphi Labs"
749,"Delphi Digital","Anil LullaChief Operating Officer"
750,"Delphi Digital","Tom ShaughnessyCo-Founder"
751,"Crypto.com","Bobby BaoHead of Corporate Development"
752,"Crypto.com","Gary OrCTO"
753,"Crypto.com","Rafael MeloCFO"
754,"Crypto.com","Kris MarszalekCEO"
755,"DeFiance Capital","Arthur CheongFounder"
756,"CoinGecko","TM LeeCo-founder"
757,"CoinGecko","Bobby OngCo-founder"
758,"Meta","Mike SchroepferCTO"
759,"Meta","David WehnerCFO"
760,"Meta","Sheryl SandbergCOO"
761,"Meta","Mark ZuckerbergCEO"
762,"Ark Invest","Cathie WoodFounder, CEO & CIO"
763,"Terraform Labs","Don KimHead of Business"
764,"Terraform Labs","Nicholas PlatiasHead of Research"
765,"Terraform Labs","Daniel ShinCo-founder"
766,"Terraform Labs","Do KwonCo-founder"
767,"Luna Foundation Guard","Kanav KariyaGoverning Council"
768,"Luna Foundation Guard","José Maria MacedoGoverning Council"
769,"Luna Foundation Guard","Jonathan CarasGoverning Council"
770,"Luna Foundation Guard","Remi TetotGoverning Council"
771,"Luna Foundation Guard","Nicholas PlatiasFounding Member"
772,"Luna Foundation Guard","Do KwonFounding Member & Director"
773,"Coinbase Ventures","Brian ArmstrongFounder"
774,"IntoTheBlock","Pedro NegronDirector"
775,"IntoTheBlock","Alfredo TerreroCOO"
776,"IntoTheBlock","Jesus RodriguezCEO & CTO"
777,"Alameda Research","Nate ParkeCTO"
778,"Alameda Research","Caroline EllisonCo-CEO"
779,"Alameda Research","Sam TrabuccoCo-CEO"
780,"OpenSea","Alex AtallahCo-Founder / CTO"
781,"OpenSea","Devin FinzerCo-Founder / CEO"
782,"Symbiosis Labs","Will KCo-Founder"
783,"Symbiosis Labs","Alexander NikolaevChief Product Officer"
784,"Symbiosis Labs","Nick AvramovCo-Founder, Chief Marketing Officer & Communications Officer"
785,"Symbiosis Labs","Alexey LushnikovChief Technology Officer"
786,"42 Studio","Jenny ShaneCOO"
787,"42 Studio","Tomer FriedmanCEO"
788,"The Block","Michael McCaffreyCEO"
789,"Cointelegraph","Toni Lane CasserlyFormer Founder"
790,"Cointelegraph","Kristina Lucrezia CornèrEditor In Chief"
791,"Cointelegraph","Jay CassanoCEO"
792,"Zebu Digital","Harry HorsfallCo-Founder"
793,"Blockworks","Jason YanowitzCo-Founder"
794,"Blockworks","Michael IppolitoCo-Founder"
795,"SmartFi","Michelle RayHead of Customer Empowerment"
796,"SmartFi","Kostas AlekogluCMO"
797,"SmartFi","Tom RetsonCo-Founder"
798,"SmartFi","Aaron J. TiltonCo-Founder"
799,"Onomy Protocol","Daniel DobCMO"
800,"Onomy Protocol","Charles DusekCTO & Founder"
801,"Onomy Protocol","Michael BazziCEO & Founder"
802,"MINERSET","Niels BoschIT"
803,"MINERSET","Anna KashirinaLogistics / Sourcing"
804,"MINERSET","Chris SvyazhinaLogistics / Sourcing"
805,"MINERSET","Celso SuarezCTO"
806,"MINERSET","Victor GonzalezCMO"
807,"MINERSET","Maria SamayoaCOO"
808,"MINERSET","Antón SilvanCFO"
809,"MINERSET","Ola CheckinaCPO Founder"
810,"MINERSET","Jim MusgraveCCO Founder"
811,"MINERSET","Elías FernándezCEO Founder"
812,"zkLend","Lap ChowProject Manager"
813,"zkLend","Cherry LoSenior UX/UI Designer"
814,"zkLend","Scarlett StarkSoftware Engineer"
815,"zkLend","Emma LeeCMO"
816,"zkLend","ZK LeungTech Lead"
817,"zkLend","Jane MaCo-Founder"
818,"zkLend","Brian FuCo-Founder"
819,"Autograph","Josh PayneCINO | Co-Founder"
820,"Autograph","Cody BerlinCTO | Founding Team"
821,"Autograph","Ted RussellCOO & CBO | Founding Team"
822,"Autograph","Dillon RosenblattCEO | Co-Founder"
823,"Autograph","Richard RosenblattCo-Founder, Co-Chairman of the Board"
824,"Autograph","Tom BradyCo-Founder, Co-Chairman of the Board"
825,"Swyftx","ChrisChief Marketing Officer"
826,"Swyftx","AngusCo-Founder & CSA"
827,"Swyftx","AlexCo-Founder & CTO/CPO"
828,"Swyftx","RyanChief Executive Officer"
829,"Animoca Brands","Yat SiuCo-Founder, Executive Chairman, and Managing Director"
830,"Union Square Ventures","Nick Grossman"
831,"Union Square Ventures","John Buttrick"
832,"Union Square Ventures","Fred WilsonPartner"
833,"Union Square Ventures","Brad Burnham"
834,"Union Square Ventures","Andy WeissmanPartner"
835,"Union Square Ventures","Albert WagnerPartner"
836,"Blockchain Game Alliance","Shaban ShaameTreasurer"
837,"Blockchain Game Alliance","Aleksander LarsenSecretary"
838,"Blockchain Game Alliance","Sebastian BorgetPresident"
839,"XT.COM Exchange","Weber WooCo-Founder and CEO"
840,"CertiK","Muhan ZouChief Strategy Officer"
841,"CertiK","Dr. Zhaozhong NiChief Technology Officer"
842,"CertiK","Dr. David TarditiVP of Engineering"
843,"CertiK","Dr. Yaxin CaoChief Operating Officer"
844,"CertiK","Prof. Zhong ShaoCo-Founder"
845,"CertiK","Prof. Ronghui GuFounder & CEO"
846,"Strike","Jack MallersCEO & Founder"
