"id","company_name","support"
1,"Jelurida","Wiki/FAQ:https://desk.zoho.eu/portal/jelurida/home"
2,"Jelurida","Support Website:https://www.jelurida.com/contact-us"
3,"Ledger","Support Website:https://support.ledger.com/hc/en-us"
4,"BTCMEX","Wiki/FAQ:https://help.btcmex.com/hc/en-001"
5,"BTCMEX","official@btcmex.com:mailto:official@btcmex.com"
6,"BTCMEX","Support Website:https://help.btcmex.com/hc/en-001"
7,"Swapzone","support@swapzone.io:mailto:support@swapzone.io"
8,"PrimeXBT","support@help.primexbt.com:mailto:support@help.primexbt.com"
9,"PrimeXBT","Support Website:https://help.primexbt.com/"
10,"Tradeium","Wiki/FAQ:https://tradeium.io/#faq"
11,"Tradeium","contact@tradeium.io:mailto:contact@tradeium.io"
12,"stakefish","hi@stake.fish:mailto:hi@stake.fish"
13,"BigONE","support@big.one:mailto:support@big.one"
14,"BigONE","Support Website:https://bigone.zendesk.com/hc/en-us"
15,"LocalBitcoins","Wiki/FAQ:https://localbitcoins.com/faq"
16,"LocalBitcoins","Support Website:https://localbitcoins.com/support/request/"
17,"Prysmatic Labs","contact@prysmaticlabs.com:mailto:contact@prysmaticlabs.com"
18,"Amplify Exchange","Wiki/FAQ:https://support.amplifyexchange.com/hc/en-us/categories/360002128334-Frequently-Asked-Questions"
19,"Amplify Exchange","info@amplifyexchange.com:mailto:info@amplifyexchange.com"
20,"Amplify Exchange","Support Website:https://support.amplifyexchange.com/hc/en-us"
21,"WazirX","Support Website:https://support.wazirx.com/hc/en-us"
22,"Elliptic","Support Website:https://www.elliptic.co/contact"
23,"Coin Metrics","info@coinmetrics.io:mailto:info@coinmetrics.io"
24,"Glassnode","Tel: +41 (0)41 481 04 04:tel://+41 (0)41 481 04 04"
25,"Glassnode","contact@glassnode.com:mailto:contact@glassnode.com"
26,"Glassnode","Support Website:https://glassnode.com/contact"
27,"MVP Workshop","Wiki/FAQ:https://mvpworkshop.co/faq/"
28,"MVP Workshop","hello@mvpworkshop.co:mailto:hello@mvpworkshop.co"
29,"MVP Workshop","Support Website:https://mvpworkshop.co/contact/"
30,"Genesis Group","Support Website:https://www.genesis-group.com/contact/"
31,"Coinmine","Wiki/FAQ:https://coinmine.com/pages/faq"
32,"Coinmine","Support Website:https://coinmine.com/pages/contact-us"
33,"Tezos Foundation","Support Website:https://tezos.foundation/contact-form/general"
34,"Electric Coin Company","info@electriccoin.co:mailto:info@electriccoin.co"
35,"Electric Coin Company","Support Website:https://electriccoin.co/contact/"
36,"Canaan","sales@canaan.io:mailto:sales@canaan.io"
37,"Arweave","Wiki/FAQ:https://www.arweave.org/faqs.html"
38,"Arweave","team@arweave.org:mailto:team@arweave.org"
39,"DeversiFi","Wiki/FAQ:https://nectar.community/faq"
40,"DeversiFi","info@deversifi.com:mailto:info@deversifi.com"
41,"BlockTower Capital","Support Website:https://www.blocktower.com/contact"
42,"Civil","Wiki/FAQ:https://help.civil.co/"
43,"Civil","support@civil.co:mailto:support@civil.co"
44,"Civil","Support Website:https://civil.co/contact/"
45,"Cointraffic","Wiki/FAQ:https://faq.cointraffic.io/en"
46,"Cointraffic","support@cointraffic.io:mailto:support@cointraffic.io"
47,"STASIS","Wiki/FAQ:https://stasis.net/qa/"
48,"STASIS","corp@stasis.net:mailto:corp@stasis.net"
49,"STASIS","Support Website:https://stasis.net/contacts/"
50,"Weiss Crypto Ratings","Wiki/FAQ:https://weisscrypto.com/en/frequently-asked-questions"
51,"Weiss Crypto Ratings","Tel: 1-877-934-7778:tel://1-877-934-7778"
52,"Weiss Crypto Ratings","contactus@weissinc.com:mailto:contactus@weissinc.com"
53,"Weiss Crypto Ratings","Support Website:https://weisscrypto.com/en/contact"
54,"Dolomite","Wiki/FAQ:https://dolomite.io/support/faq.html"
55,"Nash","Wiki/FAQ:https://support.nash.io/hc/en-us"
56,"Nash","Support Website:https://nash.io/help/contact"
57,"SmartContract","Support@SmartContract.com:mailto:Support@SmartContract.com"
58,"CME Group","Tel: +1 312 930 3434:tel://+1 312 930 3434"
59,"CME Group","Corporate.Communications@cmegroup.com:mailto:Corporate.Communications@cmegroup.com"
60,"Deribit","Wiki/FAQ:https://www.deribit.com/pages/information/faq"
61,"Dash Foundation","Support Website:https://www.dashfoundation.io/contact/"
62,"Litecoin Foundation","contact@litecoinfoundation.net:mailto:contact@litecoinfoundation.net"
63,"Cardano Foundation","info@cardanofoundation.org:mailto:info@cardanofoundation.org"
64,"Bitspark","Wiki/FAQ:http://support.bitspark.io/en/"
65,"Bitspark","info@bitspark.io:mailto:info@bitspark.io"
66,"Bitspark","Support Website:https://www.bitspark.io/contact-us"
67,"Casa","help@team.casa:mailto:help@team.casa"
68,"Casa","Support Website:https://keys.casa/support"
69,"RTrade Technologies","Wiki/FAQ:https://temporal.cloud/faq/"
70,"RTrade Technologies","info@rtradetechnologies.com:mailto:info@rtradetechnologies.com"
71,"RTrade Technologies","Support Website:https://temporal.cloud/contact/"
72,"Tachyon","Wiki/FAQ:https://docs.google.com/document/d/1bTc17Oz9WdO9KcBZUsfU_b9_x5Y855z8sElo7Yiw8fY/"
73,"Tachyon","tachyon@consensys.net:mailto:tachyon@consensys.net"
74,"Tachyon","Support Website:https://labs.consensys.net/contact/"
75,"Gitcoin","Wiki/FAQ:https://gitcoin.co/help"
76,"Gitcoin","founders@gitcoin.co:mailto:founders@gitcoin.co"
77,"Gitcoin","Support Website:https://gitcoin.co/blog/contact/"
78,"Core Scientific","Tel: (425) 822-1466:tel://(425) 822-1466"
79,"Core Scientific","Support Website:https://www.corescientific.com/contact"
80,"Rain","Wiki/FAQ:https://support.rain.bh/en/collections/948736-about-rain"
81,"Rain","support@rain.bh:mailto:support@rain.bh"
82,"Rain","Support Website:https://support.rain.bh/en/"
83,"Miner Bros Limited","Wiki/FAQ:https://www.cryptominerbros.com/frequently-asked-questions"
84,"Miner Bros Limited","Tel: +86-13138175303:tel://+86-13138175303"
85,"Miner Bros Limited","info@cryptominerbros.com:mailto:info@cryptominerbros.com"
86,"Miner Bros Limited","Support Website:https://www.cryptominerbros.com/contact"
87,"MXC","Wiki/FAQ:https://mxc-exchange.zendesk.com/hc/en-001"
88,"MXC","service@mxc.com:mailto:service@mxc.com"
89,"MXC","Support Website:https://t.me/MXCEnglish"
90,"MeterQubes","admin@meterqubes.io:mailto:admin@meterqubes.io"
91,"Crypto Finance","Tel: +41 41 545 88 22:tel://+41 41 545 88 22"
92,"Crypto Finance","info@cryptofinance.ch:mailto:info@cryptofinance.ch"
93,"Crypto Finance","Support Website:https://www.cryptofinance.ch/en/contact/"
94,"Enterprise Ethereum Alliance","Wiki/FAQ:https://entethalliance.org/faqs/"
95,"Enterprise Ethereum Alliance","Support Website:https://entethalliance.org/contact/"
96,"UPbit","Wiki/FAQ:https://sg.upbit.com/service_center/faq"
97,"tZERO","Tel: 855.893.7611:tel://855.893.7611"
98,"tZERO","support@tzero.com:mailto:support@tzero.com"
99,"Bitcoin Gear","Wiki/FAQ:https://www.bitcoin-gear.com/pages/faq"
100,"Bitcoin Gear","customerservice@bitcoin-gear.com:mailto:customerservice@bitcoin-gear.com"
101,"Bitcoin Foundation","Support Website:https://bitcoinfoundation.org/contact/"
102,"nChain","media@nchain.com:mailto:media@nchain.com"
103,"nChain","Support Website:https://nchain.com/en/contact/"
104,"Morgan Creek Digital Assets","team@bitwiseinvestments:mailto:team@bitwiseinvestments"
105,"Block.one","developers@block.one:mailto:developers@block.one"
106,"Block.one","Support Website:https://block.one/contact/"
107,"Blockstation","Wiki/FAQ:http://help.blockstation.com?utm_source=cryptoslate&utm_medium=companyfeature"
108,"Blockstation","Tel: 1-833-326-2646:tel://1-833-326-2646"
109,"Blockstation","support@blockstation.com:mailto:support@blockstation.com"
110,"Blockstation","Support Website:https://blockstation.com/contact?utm_source=cryptoslate&utm_medium=companyfeature"
111,"Crypto Capital","Wiki/FAQ:https://support.cryptocapital.co/support/home"
112,"Crypto Capital","contact@cryptocapital.co:mailto:contact@cryptocapital.co"
113,"ARYZE","info@aryze.io:mailto:info@aryze.io"
114,"CODEX","Wiki/FAQ:https://support.codex.one/hc/en-us"
115,"CODEX","Tel: +442035143400:tel://+442035143400"
116,"CODEX","support@codex.one:mailto:support@codex.one"
117,"HitBTC","Wiki/FAQ:https://hitbtc.com/faq"
118,"HitBTC","support@hitbtc.com:mailto:support@hitbtc.com"
119,"HitBTC","Support Website:https://support.hitbtc.com/hc/en-us"
120,"Bitfury","info@bitfury.com:mailto:info@bitfury.com"
121,"Mastercard","Wiki/FAQ:https://developer.mastercard.com/support"
122,"Mastercard","Support Website:https://www.mastercard.us/content/dam/mccom/global/documents/global-services-phone-numbers.pdf"
123,"Minds + Machines Group Limited","Wiki/FAQ:https://www.join.luxe/faq/"
124,"Minds + Machines Group Limited","Tel: 1 206 531 3850:tel://  1 206 531 3850"
125,"Minds + Machines Group Limited","support@mmx.co:mailto:support@mmx.co"
126,"Minds + Machines Group Limited","Support Website:https://www.join.luxe/contact/"
127,"ShapeShift","Wiki/FAQ:https://info.shapeshift.io/faq/"
128,"ShapeShift","support@shapeshift.zendesk.com:mailto:support@shapeshift.zendesk.com"
129,"ShapeShift","Support Website:https://shapeshift.zendesk.com/hc/en-us/requests/new"
130,"JPMorgan","Wiki/FAQ:https://github.com/jpmorganchase/quorum/wiki"
131,"JPMorgan","quorum_info@jpmorgan.com:mailto:quorum_info@jpmorgan.com"
132,"JPMorgan","Support Website:https://www.jpmorgan.com/global/contact-us"
133,"TokenInsight","data@tokeninsight.com:mailto:data@tokeninsight.com"
134,"TokenInsight","Support Website:https://tokeninsight.com/feedback"
135,"AZ Blockchain","Tel: +1 416 821-9655:tel://+1 416 821-9655"
136,"AZ Blockchain","info@azblockchain.co:mailto:info@azblockchain.co"
137,"Fidelity Investments","Wiki/FAQ:https://www.fidelity.com/faqs/overview"
138,"Fidelity Investments","Tel: 800-972-2155:tel://800-972-2155"
139,"Fidelity Investments","Support Website:https://www.fidelitydigitalassets.com/contact-us/overview"
140,"Genesis Mining","Wiki/FAQ:https://www.genesis-mining.com/customer-service"
141,"Genesis Mining","contact@genesis-mining.com:mailto:contact@genesis-mining.com"
142,"Real Time Crypto","RTCpartnerships@gmail.com:mailto:RTCpartnerships@gmail.com"
143,"Poloniex","Wiki/FAQ:https://poloniex.freshdesk.com/support/home"
144,"Poloniex","Support Website:https://poloniex.com/contact"
145,"Digital Ark","contact@digitalark.com:mailto:contact@digitalark.com"
146,"Digital Ark","Support Website:https://digitalark.com/#contact"
147,"Openledger","contact@openledger.info:mailto:contact@openledger.info"
148,"Openledger","Support Website:https://openledger.freshdesk.com/support/home"
149,"Kraken","Wiki/FAQ:https://www.kraken.com/en-us/help/faq"
150,"Kraken","support@kraken.com:mailto:support@kraken.com"
151,"Kraken","Support Website:https://support.kraken.com/hc/en-us"
152,"CryptoPanic","kaspars@cryptopanic.com:mailto:kaspars@cryptopanic.com"
153,"CryptoPanic","Support Website:https://cryptopanic.com/contact/"
154,"Bitstamp","Wiki/FAQ:https://www.bitstamp.net/faq/"
155,"Bitstamp","Tel: +44 20 3868 9628:tel://+44 20 3868 9628"
156,"Bitstamp","info@bitstamp.net:mailto:info@bitstamp.net"
157,"Hyperledger","info@hyperledger.org:mailto:info@hyperledger.org"
158,"Sydney Blockchain Centre","info@sydblockchaincentre.com.au:mailto:info@sydblockchaincentre.com.au"
159,"Sydney Blockchain Centre","Support Website:https://www.sydblockchaincentre.com/contact"
160,"Goldman Sachs","Wiki/FAQ:https://www.goldmansachs.com/investor-relations/faqs/"
161,"Goldman Sachs","Tel: 1-212-902-0300:tel://1-212-902-0300"
162,"Goldman Sachs","gs-investor-relations@gs.com:mailto:gs-investor-relations@gs.com"
163,"IBM Blockchain","Wiki/FAQ:https://ibm-blockchain.github.io/"
164,"IBM Blockchain","Support Website:https://www.ibm.com/contact/us/en/"
165,"Bithumb","Wiki/FAQ:https://www.bithumb.com/u1/US170"
166,"Bithumb","Tel: +82-1661-5551:tel://+82-1661-5551"
167,"Bithumb","Support Website:https://www.bithumb.com/u1/US101/"
168,"Digital Asset Management","Tel: +350 200 73337:tel://+350 200 73337"
169,"Digital Asset Management","info@dam.gi:mailto:info@dam.gi"
170,"Digital Asset Management","Support Website:https://www.dam.gi/contact/"
171,"BitGo","Wiki/FAQ:https://bitgo.freshdesk.com/support/solutions/folders/27000003984"
172,"BitGo","media@bitgo.com:mailto:media@bitgo.com"
173,"BitGo","Support Website:https://www.bitgo.com/info/contact"
174,"Conversion Wizards","Tel: (650) 761 2620:tel://(650) 761 2620"
175,"Conversion Wizards","jasper@theconversionwizards.com:mailto:jasper@theconversionwizards.com"
176,"Chainalysis","Tel: 415-316-4371:tel://415-316-4371"
177,"Chainalysis","info@chainalysis.com:mailto:info@chainalysis.com"
178,"Chainalysis","Support Website:https://www.chainalysis.com/contact.html"
179,"Blockchain, Inc.","Wiki/FAQ:https://support.blockchain.com/hc/en-us/categories/201149143-Educational-Resources"
180,"Blockchain, Inc.","social@blockchain.info:mailto:social@blockchain.info"
181,"Blockchain, Inc.","Support Website:https://support.blockchain.com/hc/en-us"
182,"BlockVC","business@blockvc.fund:mailto:business@blockvc.fund"
183,"Node Capital","Tel: 010-8217-6160:tel:// 010-8217-6160"
184,"Node Capital","partner@nodecap.com:mailto:partner@nodecap.com"
185,"Blockchain Capital","Tel: +1 (415) 677-5340:tel://+1 (415) 677-5340"
186,"Blockchain Capital","contact@blockchaincapital.com:mailto:contact@blockchaincapital.com"
187,"Blockchain Capital","Support Website:http://blockchain.capital/contact/"
188,"Andreessen Horowitz","businessplans@a16z.com:mailto:businessplans@a16z.com"
189,"Pantera Capital","Tel: +1 650 854 7000:tel://+1 650 854 7000"
190,"Pantera Capital","ir@panteracapital.com:mailto:ir@panteracapital.com"
191,"Pantera Capital","Support Website:http://info.panteracapital.com/invest"
192,"Digital Currency Group","Support Website:https://dcg.co/contact/"
193,"CrowdfundX","Support Website:https://www.crowdfundx.io/#ajax-contact_div"
194,"Gresham International","Tel: +1 (307) 298 0064 US:tel://+1 (307) 298 0064 US"
195,"Bitmain","Wiki/FAQ:https://service.bitmain.com/support"
196,"Bitmain","Tel: +65-3138-9024:tel://+65-3138-9024"
197,"Bitmain","info@bitmaintech.com:mailto:info@bitmaintech.com"
198,"Bitmain","Support Website:https://support.bitmain.com/hc/en-us/requests/new"
199,"Omise","Wiki/FAQ:https://www.omise.co/support"
200,"Omise","Support Website:https://www.omise.co/contact"
201,"Coin Center","contact@coincenter.org:mailto:contact@coincenter.org"
202,"Reflective Ventures","Tel: 206-775-8266:tel://206-775-8266"
203,"Reflective Ventures","info@reflectiveventures.io:mailto:info@reflectiveventures.io"
204,"Reflective Ventures","Support Website:https://www.reflectiveventures.io/get-funding/"
205,"Blockchain Transparency Institute","Support Website:https://www.blockchaintransparency.org/contact/"
206,"Coinme","Wiki/FAQ:https://www.coinme.com/faq"
207,"Coinme","Tel: +1 800-944-3405:tel://+1 800-944-3405"
208,"Coinme","support@coime.com:mailto:support@coime.com"
209,"Coinme","Support Website:https://coinme.freshdesk.com/support/home"
210,"Arrington XRP Capital","contact@arringtonxrpcapital.com:mailto:contact@arringtonxrpcapital.com"
211,"Pithia","Wiki/FAQ:https://pithia.com/index.php/purpose-principles/for-new-entrepreneurs"
212,"Pithia","services@pithia.com:mailto:services@pithia.com"
213,"New Alchemy","Support Website:https://newalchemy.io/"
214,"Bloccelerate","info@bloccelerate.com:mailto:info@bloccelerate.com"
215,"CryptoLaw Partners","Support Website:https://cryptolawpartners.com/contact"
216,"MarketAcross","Tel: +972.54.638.0521:tel://+972.54.638.0521"
217,"MarketAcross","info@marketacross.com:mailto:info@marketacross.com"
218,"MarketAcross","Support Website:https://marketacross.com/#contact-us"
219,"Skew","contact@skew.com:mailto:contact@skew.com"
220,"Xpring","Wiki/FAQ:https://xpring.io/faq"
221,"Xpring","contactxpring@ripple.com:mailto:contactxpring@ripple.com"
222,"Transparent Systems","info@transparentsystems.com:mailto:info@transparentsystems.com"
223,"MyCointainer","Wiki/FAQ:https://www.mycointainer.com/faq/"
224,"MyCointainer","support@mycointainer.com:mailto:support@mycointainer.com"
225,"MyCointainer","Support Website:https://www.mycointainer.com/company/#contacts"
226,"Lightning Labs","Wiki/FAQ:https://lightning.engineering/index.html#faq"
227,"Lightning Labs","hello@lightning.engineering:mailto:hello@lightning.engineering"
228,"YAP Global","Support Website:https://yapglobal.com/contact/"
229,"#Hashed","Support Website:https://www.hashed.com/contact/"
230,"Truffle","Wiki/FAQ:https://www.trufflesuite.com/docs"
231,"Truffle","inquiry@trufflesuite.com:mailto:inquiry@trufflesuite.com"
232,"ShortHop","Wiki/FAQ:https://shorthop.zendesk.com/"
233,"ShortHop","info@shorthop.com:mailto:info@shorthop.com"
234,"ShortHop","Support Website:https://shorthop.zendesk.com/"
235,"ZenLedger","hello@zenledger.io:mailto:hello@zenledger.io"
236,"Huobi Global","Wiki/FAQ:https://huobiglobal.zendesk.com/hc/en-us"
237,"Huobi Global","support@huobi.pro:mailto:support@huobi.pro"
238,"Stellar Development Foundation","Wiki/FAQ:https://www.stellar.org/community/faq/"
239,"Stellar Development Foundation","Support Website:https://www.stellar.org/contact"
240,"BW.com","Wiki/FAQ:https://www.bw.com/FAQ"
241,"BW.com","support@bw.com:mailto:support@bw.com"
242,"BW.com","Support Website:https://t.me/BW_support"
243,"TravelbyBit","Wiki/FAQ:https://travelbybit.com/faq"
244,"TravelbyBit","Support Website:https://travelbybit.com/contact-us"
245,"Conflux","Wiki/FAQ:https://www.conflux-chain.org/faqs/"
246,"dex.blue","contact@dex.blue:mailto:contact@dex.blue"
247,"IOTA Foundation","Wiki/FAQ:https://www.iota.org/get-started/faqs"
248,"IOTA Foundation","contact@iota.org:mailto:contact@iota.org"
249,"ZBG","Wiki/FAQ:https://zbg.zendesk.com/hc/en-us/categories/900000008323-Miscellaneous"
250,"ZBG","sp@zbg.com:mailto:sp@zbg.com"
251,"ZBG","Support Website:https://zbg.zendesk.com/hc/en-us/requests/new"
252,"ZB.com","Wiki/FAQ:https://www.zb.com/help/guides"
253,"ZB.com","support@zb.cn:mailto:support@zb.cn"
254,"BaseFEX","Wiki/FAQ:https://www.basefex.com/docs/faq"
255,"BaseFEX","support@basefex.com:mailto:support@basefex.com"
256,"BaseFEX","Support Website:https://www.basefex.com/docs/support"
257,"Blox","Wiki/FAQ:https://www.blox.io/support/faq/"
258,"Blox","Support Website:https://www.blox.io/support/"
259,"ChangeNOW","Wiki/FAQ:https://changenow.io/faq"
260,"ChangeNOW","support@changenow.io:mailto:support@changenow.io"
261,"ChangeNOW","Support Website:https://support.changenow.io/hc/en-us"
262,"PrimeBit","Wiki/FAQ:https://support.primebit.com/hc/en-001/sections/360002457460-FAQ"
263,"PrimeBit","Support Website:https://support.primebit.com/hc/en-001"
264,"Decoin","Wiki/FAQ:https://www.decoin.io/en/support#faq"
265,"Decoin","support@decoin.io:mailto:support@decoin.io"
266,"Decoin","Support Website:https://www.decoin.io/en/support/home"
267,"Bitcoin of America","Wiki/FAQ:https://www.bitcoinofamerica.org/faq.php"
268,"Bitcoin of America","Tel: 888-502-5003:tel://888-502-5003"
269,"Bitcoin of America","helpdesk@bitcoinofamerica.org:mailto:helpdesk@bitcoinofamerica.org"
270,"Bitcoin of America","Support Website:https://www.bitcoinofamerica.org/contact.php"
271,"FTX","Support Website:https://help.ftx.com/hc/en-us/articles/360028737592-How-to-contact-us"
272,"Bitwise","Wiki/FAQ:https://www.bitwiseinvestments.com/faq"
273,"Bitwise","team@bitwiseinvestments.com:mailto:team@bitwiseinvestments.com"
274,"Bitwise","Support Website:https://www.bitwiseinvestments.com/professionals"
275,"TokenMinds","team@tokenminds.co:mailto:team@tokenminds.co"
276,"TokenMinds","Support Website:https://wa.me/61468401509"
277,"TokenAnalyst","info@tokenanalyst.io:mailto:info@tokenanalyst.io"
278,"Bitcoin Club Malta","contact@bitcoinclub.mt:mailto:contact@bitcoinclub.mt"
279,"BitCoke","Wiki/FAQ:https://www.bitcoke.com/course/D6E0696D64CC528085013ADC53FFC789"
280,"BitCoke","support@bitcoke.com:mailto:support@bitcoke.com"
281,"Coinfirm","Tel: +44 203 608 6249:tel://+44 203 608 6249"
282,"Coinfirm","contact@coinfirm.com:mailto:contact@coinfirm.com"
283,"WTIA Cascadia Blockchain Council","Wiki/FAQ:https://www.washingtontechnology.org/about/#faq"
284,"WTIA Cascadia Blockchain Council","Tel: 206.448.3033:tel://206.448.3033"
285,"WTIA Cascadia Blockchain Council","info@washingtontechnology.org:mailto:info@washingtontechnology.org"
286,"WTIA Cascadia Blockchain Council","Support Website:https://www.washingtontechnology.org/blockchain/"
287,"Ripple","Wiki/FAQ:https://ripple.com/faq/"
288,"Ripple","support@ripple.com:mailto:support@ripple.com"
289,"Ripple","Support Website:https://ripple.com/contact/#sales"
290,"EAK Digital","Tel: 020 3856 3922:tel://020 3856 3922"
291,"EAK Digital","hello@eakdigital.com:mailto:hello@eakdigital.com"
292,"EAK Digital","Support Website:https://eakdigital.com/get-in-touch/"
293,"R3","Wiki/FAQ:https://www.r3.com/wp-content/uploads/2018/09/US_18_R3_FS_v7.pdf"
294,"R3","Tel: 1 646 630 7421:tel://1 646 630 7421"
295,"R3","lrcbusinessdev@r3cev.com:mailto:lrcbusinessdev@r3cev.com"
296,"R3","Support Website:https://www.r3.com/contact-us/"
297,"Band Protocol","connect@bandprotocol.com:mailto:connect@bandprotocol.com"
298,"Messari","support@messari.io:mailto:support@messari.io"
299,"Blockstream","inquiries@blockstream.com:mailto:inquiries@blockstream.com"
300,"Overbit","Wiki/FAQ:http://help.overbit.com/en/collections/2180998-faq"
301,"Overbit","support@overbit.com:mailto:support@overbit.com"
302,"Overbit","Support Website:https://www.overbit.com/en/support"
303,"OpenCrowd","Tel: 212 768 1730:tel://212 768 1730"
304,"OpenCrowd","info@opencrowd.com:mailto:info@opencrowd.com"
305,"OpenCrowd","Support Website:https://opencrowd.com/contact"
306,"LunarCRUSH","Wiki/FAQ:https://intercom.help/lunarcrush/en/"
307,"CryptoLocally","Wiki/FAQ:https://cryptolocally.com/en/eos/how-to"
308,"CryptoLocally","admin@cryptolocally.com:mailto:admin@cryptolocally.com"
309,"CryptoLocally","Support Website:https://cryptolocally.com/en/contact"
310,"Draper Goren Holm","Support Website:https://drapergorenholm.com/contact"
311,"Centrifuge","hello@centrifuge.io:mailto:hello@centrifuge.io"
312,"Digital Assets Data","contact@digitalassetsdata.com:mailto:contact@digitalassetsdata.com"
313,"Gemini","Wiki/FAQ:https://gemini24.zendesk.com/hc/en-us"
314,"Gemini","Tel: +1 (866) 240-5113:tel://+1 (866) 240-5113"
315,"Gemini","hello@gemini.com:mailto:hello@gemini.com"
316,"Gemini","Support Website:https://gemini24.zendesk.com/hc/en-us/requests/new"
317,"Neo Foundation","contact@neo.org:mailto:contact@neo.org"
318,"TaxBit","Wiki/FAQ:https://taxbit.com/features"
319,"TaxBit","support@taxbit.com:mailto:support@taxbit.com"
320,"TaxBit","Support Website:https://help.taxbit.com/hc/en-us"
321,"Santiment","support@santiment.net:mailto:support@santiment.net"
322,"Securitize","Tel: +1 415-413-8993:tel://+1 415-413-8993"
323,"Securitize","Support Website:https://www.securitize.io/contact"
324,"OKCoin","Wiki/FAQ:https://www.okcoin.com/account/users/support"
325,"OKCoin","support@okcoin.com:mailto:support@okcoin.com"
326,"OKCoin","Support Website:https://www.okcoin.com/contact-us.html"
327,"Celsius Network","Wiki/FAQ:https://support.celsius.network/hc/en-us"
328,"Celsius Network","Tel: 1-201-824-2888:tel://1-201-824-2888"
329,"CipherTrace","Tel: 650-542-0020:tel://650-542-0020"
330,"CipherTrace","contact@ciphertrace.com:mailto:contact@ciphertrace.com"
331,"CipherTrace","Support Website:https://ciphertrace.com/contact/"
332,"bitFlyer","Wiki/FAQ:https://bitflyer.com/en-us/faq"
333,"bitFlyer","info.us@bitflyer.com:mailto:info.us@bitflyer.com"
334,"bitFlyer","Support Website:https://bitflyer.com/en-us/contact"
335,"SIBEX","info@sibex.io:mailto:info@sibex.io"
336,"EMURGO","Support Website:https://emurgo.io/#/en/contact#get-in-touch"
337,"SwapSpace","Wiki/FAQ:https://swapspace.co/faq"
338,"SwapSpace","support@swapspace.co:mailto:support@swapspace.co"
339,"Crypto.Games","Wiki/FAQ:https://crypto.games/faq"
340,"Crypto.Games","support@crypto.games:mailto:support@crypto.games"
341,"Crypto.Games","Support Website:https://cryptogames.zendesk.com/"
342,"Compound","Wiki/FAQ:https://medium.com/compound-finance/faq-1a2636713b69"
343,"YouHodler","support@yoouhodler.com:mailto:support@yoouhodler.com"
344,"Phemex","Wiki/FAQ:https://phemex.com/references/categories/faq"
345,"Phemex","support@phemex.com:mailto:support@phemex.com"
346,"Phemex","Support Website:https://phemex.com/references/articles/phemex-terms-of-use"
347,"Sportsbet.io","Wiki/FAQ:https://sportsbet.io/support/faq"
348,"Sportsbet.io","cs@sportsbet.io:mailto:cs@sportsbet.io"
349,"Nym","Wiki/FAQ:https://nymtech.net/#faq"
350,"Nym","contact@nymtech.net:mailto:contact@nymtech.net"
351,"Nym","Support Website:https://nymtech.net/contact"
352,"Bitfinex","Wiki/FAQ:https://support.bitfinex.com/hc/en-us"
353,"Bitfinex","support@bitfinex.com:mailto:support@bitfinex.com"
354,"Bitfinex","Support Website:https://www.bitfinex.com/support"
355,"Bityard","Wiki/FAQ:https://support.bityard.com/hc/en-us/categories/360002627552-FAQ"
356,"Bityard","bd@bityard.com:mailto:bd@bityard.com"
357,"Bityard","Support Website:https://support.bityard.com/hc/en-us/articles/360040261971-Contact-Us"
358,"Solana","Wiki/FAQ:https://solana.com/faqs/"
359,"Switchere","Wiki/FAQ:https://en.bitcoinwiki.org/wiki/Switchere"
360,"Switchere","customercare@switchere.com:mailto:customercare@switchere.com"
361,"Switchere","Support Website:https://switchere.com/contact"
362,"Bittrex","Wiki/FAQ:https://support.bittrex.com/hc/en-us"
363,"Bittrex","media@bittrex.com:mailto:media@bittrex.com"
364,"Bittrex","Support Website:https://support.bittrex.com/hc/en-us/articles/360001318332"
365,"XBTPro","Wiki/FAQ:https://help.xbtpro.com/support/home"
366,"XBTPro","support@xbtpro.com:mailto:support@xbtpro.com"
367,"Exolix","Wiki/FAQ:https://exolix.com/faq"
368,"Exolix","support@exolix.com:mailto:support@exolix.com"
369,"Exolix","Support Website:https://exolix.com/contact"
370,"mStable","info@mstable.org:mailto:info@mstable.org"
371,"CryptoAltum","Wiki/FAQ:https://cryptoaltum.com/en/account-opening"
372,"CryptoAltum","support@cryptoaltum.com:mailto:support@cryptoaltum.com"
373,"CryptoAltum","Support Website:https://t.me/CryptoAltumGeneral_bot"
374,"CryptoSlate","Wiki/FAQ:https://cryptoslate.com/faq"
375,"CryptoSlate","hello@cryptoslate.com:mailto:hello@cryptoslate.com"
376,"CryptoSlate","Support Website:https://cryptoslate.com/contact/"
377,"EZPostage","Wiki/FAQ:https://ezpostage.io/faq"
378,"EZPostage","support@ezpostage.io:mailto:support@ezpostage.io"
379,"Cryptonites","clarisse@swissborg.com:mailto:clarisse@swissborg.com"
380,"Crypto Briefing","Tel: +1 (312) 566-7423:tel://+1 (312) 566-7423"
381,"Crypto Briefing","info@cryptobriefing.com:mailto:info@cryptobriefing.com"
382,"NSBroker","Wiki/FAQ:https://nsbroker.com/glossary"
383,"NSBroker","Tel: +356(27)78-15-65:tel://+356(27)78-15-65"
384,"NSBroker","help@nsbroker.com:mailto:help@nsbroker.com"
385,"NSBroker","Support Website:https://nsbroker.com/contact-us"
386,"1xBit","Wiki/FAQ:https://refpaexhil.top/L?tag=d_475799m_1732c_Ls&site=475799&ad=1732&r=information/contacts/"
387,"1xBit","support-en@1x-bit.com:mailto:support-en@1x-bit.com"
388,"1xBit","Support Website:https://refpaexhil.top/L?tag=d_475799m_1732c_Ls&site=475799&ad=1732&r=information/rules/"
389,"ZBX","Tel: +35621669660:tel://+35621669660"
390,"ZBX","support@zbx.com:mailto:support@zbx.com"
391,"MyCoinStory","Wiki/FAQ:https://help.mycoinstory.com"
392,"MyCoinStory","support@gmail.com:mailto:support@gmail.com"
393,"MyCoinStory","Support Website:https://bit.ly/MCSlivechat"
394,"Anycoin Direct","Wiki/FAQ:https://anycoindirect.eu/en/support/overview"
395,"Anycoin Direct","Tel: +31 413 74 71 74:tel://+31 413 74 71 74"
396,"Anycoin Direct","support@anycoindirect.eu:mailto:support@anycoindirect.eu"
397,"Anycoin Direct","Support Website:https://anycoindirect.eu/en/support"
398,"Stably","info@stably.io:mailto:info@stably.io"
399,"Stably","Support Website:https://www.stably.io/"
400,"Revolut","Wiki/FAQ:https://www.revolut.com/help"
401,"Revolut","Tel: +44 20 3322 8352:tel://+44 20 3322 8352"
402,"Revolut","Support Website:https://www.revolut.com/contact-us"
403,"Nexo","info@nexo.io:mailto:info@nexo.io"
404,"Nexo","Support Website:https://support.nexo.io/hc/en-us"
405,"Bit.com","support@bit.com:mailto:support@bit.com"
406,"Bit.com","Support Website:https://support.bit.com/hc/en-us"
407,"Binance","Wiki/FAQ:https://support.binance.com/hc/en-us"
408,"Binance","Tel: +1-800-435-0577:tel://+1-800-435-0577"
409,"Binance","support@binance.zendesk.com:mailto:support@binance.zendesk.com"
410,"Binance","Support Website:https://www.binance.com/contactUsCn.html"
411,"Grayscale Investments","Wiki/FAQ:https://grayscale.co/faq/"
412,"Grayscale Investments","info@grayscale.co:mailto:info@grayscale.co"
413,"Grayscale Investments","Support Website:https://grayscale.co/connect/"
414,"MicroStrategy","Tel: 703-848-8700:tel://703-848-8700"
415,"MicroStrategy","support@microstrategy.com:mailto:support@microstrategy.com"
416,"MicroStrategy","Support Website:https://www.microstrategy.com/en/support"
417,"Strix Leviathan","Tel: (425) 390-4942:tel://(425) 390-4942"
418,"Mogul Productions","info@mogulproductions.com:mailto:info@mogulproductions.com"
419,"bitFlyer USA","Wiki/FAQ:https://bitflyer.com/en-us/faq"
420,"bitFlyer USA","Support Website:https://bitflyer.com/en-us/contact"
421,"Coinbase","Wiki/FAQ:https://support.coinbase.com/"
422,"Coinbase","Tel: +1 (888) 908-7930:tel://+1 (888) 908-7930"
423,"Coinbase","support@coinbase.com:mailto:support@coinbase.com"
424,"Coinbase","Support Website:https://support.coinbase.com/customer/portal/emails/new"
425,"C-Trade","Wiki/FAQ:https://help.c-trade.com/hc/en-us"
426,"C-Trade","support@c-trade.com:mailto:support@c-trade.com"
427,"C-Trade","Support Website:https://help.c-trade.com/hc/en-us/requests/new"
428,"Bitbuy","Wiki/FAQ:https://bitbuy.ca/en/how-it-works"
429,"Bitbuy","support@bitbuy.ca:mailto:support@bitbuy.ca"
430,"Bitbuy","Support Website:https://support.bitbuy.ca/hc/en-us"
431,"ADD.XYZ","Wiki/FAQ:https://about.add.xyz/"
432,"ADD.XYZ","hello@add.xyz:mailto:hello@add.xyz"
433,"MediaX Agency","contact@mediax.agency:mailto:contact@mediax.agency"
434,"MediaX Agency","Support Website:https://mediax.agency/"
435,"ZebPay","Wiki/FAQ:https://help.zebpay.com/support/solutions/folders/44001201696"
436,"ZebPay","help@zebpay.com:mailto:help@zebpay.com"
437,"ZebPay","Support Website:https://help.zebpay.com/support/home"
438,"Invictus Capital","Wiki/FAQ:https://invictuscapital.com/en/news"
439,"Invictus Capital","Haydn@invictuscapital.com:mailto:Haydn@invictuscapital.com"
440,"Invictus Capital","Support Website:https://t.me/invictus_capital"
441,"Visa","visab2bconnect@visa.com:mailto:visab2bconnect@visa.com"
442,"Rapid Innovation","hello@rapidinnovation.io:mailto:hello@rapidinnovation.io"
443,"Paradox Group","Wiki/FAQ:http://support.paradoxgroup.co/en/"
444,"Paradox Group","hello@paradoxgroup.co:mailto:hello@paradoxgroup.co"
445,"CommerceBlock","Wiki/FAQ:https://commerceblock.readthedocs.io/en/latest/index.html"
446,"Binance.US","Wiki/FAQ:https://support.binance.us/hc/en-us/categories/360002072912-FAQs"
447,"Binance.US","Support Website:https://support.binance.us/hc/en-us/requests/new"
448,"Bybit","marketing@bybit.com:mailto:marketing@bybit.com"
449,"Worthpad","Wiki/FAQ:https://worthpad.io"
450,"Worthpad","support@worthpad.io:mailto:support@worthpad.io"
451,"Worthpad","Support Website:https://worthpad.io/contact-us"
452,"Ambire","Wiki/FAQ:https://help.adex.network/hc/en-us"
453,"Ambire","contactus@ambire.com:mailto:contactus@ambire.com"
454,"Ambire","Support Website:https://help.adex.network/hc/en-us"
455,"WhaleFin","Wiki/FAQ:https://support.whalefin.com/hc/en-us"
456,"WhaleFin","service@whalefin.com:mailto:service@whalefin.com"
457,"WhaleFin","Support Website:https://t.me/WhaleFinSupport"
458,"LetsExchange","Wiki/FAQ:https://letsexchange.io/faq"
459,"LetsExchange","support@letsexchange.io:mailto:support@letsexchange.io"
460,"LetsExchange","Support Website:https://letsexchange.io/contacts"
461,"Duelbits","support@duelbits.com:mailto:support@duelbits.com"
462,"Aeon Law","Tel: 206-217-2200:tel:// 206-217-2200"
463,"Aeon Law","Support Website:http://aeonlaw.com/contact-us/"
464,"OKX","Wiki/FAQ:https://www.okx.com/support-center.html"
465,"OKX","Tel: +1 226 798 4487:tel://+1 226 798 4487"
466,"OKX","support@okx.com:mailto:support@okx.com"
467,"BlockDown","contact@blockdownconf.com:mailto:contact@blockdownconf.com"
468,"Quantum Economics","info@quantumeconomics.io:mailto:info@quantumeconomics.io"
469,"Velo Trust","Wiki/FAQ:https://www.velotrust.com/faqs"
470,"Velo Trust","support@velotrust.com:mailto:support@velotrust.com"
471,"Velo Trust","Support Website:https://www.velotrust.com/contact"
472,"Ignite","Wiki/FAQ:https://tendermint.com/docs/"
473,"Ignite","hello@tendermint.com:mailto:hello@tendermint.com"
474,"Galaxy Digital","Tel: +1-212-390-9216:tel://+1-212-390-9216"
475,"Galaxy Digital","Fiona.Choi@galaxydigital.io:mailto:Fiona.Choi@galaxydigital.io"
476,"Circle","support@circle.com:mailto:support@circle.com"
477,"Circle","Support Website:https://www.circle.com/en/contact-us"
478,"BlockFi","Wiki/FAQ:https://blockfi.com/faq/"
479,"BlockFi","Tel: 646-779-9688:tel://646-779-9688"
480,"BlockFi","Support Website:https://blockfi.com/feedback"
481,"Launchpool Labs","labs@launchpool.xyz:mailto:labs@launchpool.xyz"
482,"Launchpool Labs","Support Website:https://t.me/LaunchpoolLabsSupport"
483,"Matterblock","Support Website:https://www.matterblock.com/#contact"
484,"Bity","Wiki/FAQ:https://bity.com/faq"
485,"Bity","Tel: +41 22 738 30 45:tel://+41 22 738 30 45"
486,"Bity","info@bity.com:mailto:info@bity.com"
487,"BitMEX","Wiki/FAQ:https://bitmex.freshdesk.com/support/home"
488,"BitMEX","support@bitmex.com:mailto:support@bitmex.com"
489,"ConsenSys","Support Website:https://new.consensys.net/#contact-form-anchor"
490,"Three Arrows Capital","management@threearrowscap.com:mailto:management@threearrowscap.com"
491,"Decrypt","editor@decrypt.co:mailto:editor@decrypt.co"
492,"Coinbase NFT","Wiki/FAQ:https://support.coinbase.com/"
493,"Coinbase NFT","Tel: +1 (888) 908-7930:tel://+1 (888) 908-7930"
494,"Coinbase NFT","support@coinbase.com:mailto:support@coinbase.com"
495,"Coinbase NFT","Support Website:https://support.coinbase.com/customer/portal/emails/new"
496,"Bridgewater Associates","web-master@bwater.com:mailto:web-master@bwater.com"
497,"Paradigm","info@paradigm.xyz:mailto:info@paradigm.xyz"
498,"GhostRider Ventures","info@ghostriderventures.com:mailto:info@ghostriderventures.com"
499,"Input Output","Support Website:https://iohk.io/contact/"
500,"Solanart","team@solanart.io:mailto:team@solanart.io"
501,"Ascensive Assets","contact@ascensiveassets.com:mailto:contact@ascensiveassets.com"
502,"Kusama Kingdom","contact.rdstudios@gmail.com:mailto:contact.rdstudios@gmail.com"
503,"Yuga Labs","hi@yugalabs.io:mailto:hi@yugalabs.io"
504,"Block","ir@block.xyz:mailto:ir@block.xyz"
505,"Jsquare","contact@jsquare.co:mailto:contact@jsquare.co"
506,"Reflexer Labs","contact@reflexer.finance:mailto:contact@reflexer.finance"
507,"CoinList","Tel: 212-652-2235:tel://212-652-2235"
508,"CoinList","team@coinlist.co:mailto:team@coinlist.co"
509,"Sky Mavis","Aleksander@Skymavis.com:mailto:Aleksander@Skymavis.com"
510,"Digital Finance Group","contact@dfg.group:mailto:contact@dfg.group"
511,"Quadency","Wiki/FAQ:https://quadency.com/?utm_source=CoListing&utm_medium=OutboundLinks&utm_campaign=CryptoSlate#faq"
512,"Quadency","support@quadency.com:mailto:support@quadency.com"
513,"SwissBorg","Support Website:https://help.swissborg.com/hc/en-us/requests/new"
514,"Crypto.com","Wiki/FAQ:http://www.crypto.com/help"
515,"Crypto.com","Support Website:https://crypto.com/en/about.html#page-contact"
516,"Meta","Wiki/FAQ:https://www.facebook.com/help/"
517,"Meta","Tel: 650-543-4800:tel://650-543-4800"
518,"Ark Invest","info@ark-invest.com:mailto:info@ark-invest.com"
519,"Terraform Labs","general@terra.money:mailto:general@terra.money"
520,"Luna Foundation Guard","contact@lfg.org:mailto:contact@lfg.org"
521,"Coinbase Ventures","support@coinbase.com:mailto:support@coinbase.com"
522,"Alameda Research","info@alameda-research.com:mailto:info@alameda-research.com"
523,"Symbiosis Labs","Wiki/FAQ:https://docs.symbiosis.finance/"
524,"Symbiosis Labs","hi@symbiosis.finance:mailto:hi@symbiosis.finance"
525,"42 Studio","Tel: +44 7862 071135:tel://+44 7862 071135 "
526,"42 Studio","digital@42studio.io:mailto:digital@42studio.io"
527,"42 Studio","Support Website:https://42studio.io/contact/"
528,"Zebu Digital","hello@zebudigital.com:mailto:hello@zebudigital.com"
529,"Zebu Digital","Support Website:https://www.zebudigital.com/contact"
530,"SmartFi","Wiki/FAQ:https://help.smartfi.com/hc/en-us/categories/360005162054-General-Support-FAQs"
531,"SmartFi","contact@smartfi.com:mailto:contact@smartfi.com"
532,"Spendabit","contact@spendabit.co:mailto:contact@spendabit.co"
533,"Onomy Protocol","hello@onomy.io:mailto:hello@onomy.io"
534,"MINERSET","sales@minerset.com:mailto:sales@minerset.com"
535,"zkLend","info@zklend.com:mailto:info@zklend.com"
536,"Union Square Ventures","Tel: (212) 994-7880:tel://(212) 994-7880"
537,"Union Square Ventures","info@usv.com:mailto:info@usv.com"
538,"XT.COM Exchange","Wiki/FAQ:https://xtsupport.zendesk.com/hc/en-us/sections/900000093786-FAQs"
539,"XT.COM Exchange","support@xt.com:mailto:support@xt.com"
540,"XT.COM Exchange","Support Website:https://t.me/XTsupport_EN"
