"id","company_name","gallery"
1,"Swapzone","https://cryptoslate.com/wp-content/uploads/2020/01/Swapzone-gallery-3.jpg"
2,"Swapzone","https://cryptoslate.com/wp-content/uploads/2020/01/Swapzone-gallery-2.jpg"
3,"Swapzone","https://cryptoslate.com/wp-content/uploads/2020/01/Swapzone-gallery-1.jpg"
4,"PrimeXBT","https://cryptoslate.com/wp-content/uploads/2019/12/PrimeXBT3.jpg"
5,"PrimeXBT","https://cryptoslate.com/wp-content/uploads/2019/12/PrimeXBT4.jpg"
6,"PrimeXBT","https://cryptoslate.com/wp-content/uploads/2019/12/PrimeXBT5.jpg"
7,"Tradeium","https://cryptoslate.com/wp-content/uploads/2019/12/Tradeium-gallery.jpg"
8,"BigONE","https://cryptoslate.com/wp-content/uploads/2019/12/BigONE-gallery-3.jpg"
9,"BigONE","https://cryptoslate.com/wp-content/uploads/2019/12/BigONE-gallery-2.jpg"
10,"BigONE","https://cryptoslate.com/wp-content/uploads/2019/12/BigONE-gallery-1.jpg"
11,"Amplify Exchange","https://cryptoslate.com/wp-content/uploads/2019/11/amplify-gallery-02.jpg"
12,"Amplify Exchange","https://cryptoslate.com/wp-content/uploads/2019/11/amplify-gallery-03.jpg"
13,"Amplify Exchange","https://cryptoslate.com/wp-content/uploads/2019/11/amplify-exchange-gallery-01.jpg"
14,"MVP Workshop","https://cryptoslate.com/wp-content/uploads/2019/11/MVP-gallery-3.jpg"
15,"MVP Workshop","https://cryptoslate.com/wp-content/uploads/2019/11/MVP-social-2.jpg"
16,"MVP Workshop","https://cryptoslate.com/wp-content/uploads/2019/11/MVP-social-1.jpg"
17,"Coinmine","https://cryptoslate.com/wp-content/uploads/2019/11/coinmine-gallery-03.jpg"
18,"Coinmine","https://cryptoslate.com/wp-content/uploads/2019/11/coinmine-gallery-02.jpg"
19,"Coinmine","https://cryptoslate.com/wp-content/uploads/2019/11/coinmine-gallery-01.jpg"
20,"Arweave","https://cryptoslate.com/wp-content/uploads/2019/11/arweave-gallery-01.jpg"
21,"CME Group","https://cryptoslate.com/wp-content/uploads/2019/10/cme-group-gallery-01.jpg"
22,"CME Group","https://cryptoslate.com/wp-content/uploads/2019/10/cme-group-gallery-02.jpg"
23,"CME Group","https://cryptoslate.com/wp-content/uploads/2019/10/cme-group-gallery-03.jpg"
24,"Bitspark","https://cryptoslate.com/wp-content/uploads/2019/10/Bitspark-gallery-2.jpg"
25,"Bitspark","https://cryptoslate.com/wp-content/uploads/2019/10/Bitspark-gallery-1.jpg"
26,"RTrade Technologies","https://cryptoslate.com/wp-content/uploads/2019/10/temporal-gallery-4.jpg"
27,"RTrade Technologies","https://cryptoslate.com/wp-content/uploads/2019/10/temporal-gallery-2-1.jpg"
28,"RTrade Technologies","https://cryptoslate.com/wp-content/uploads/2019/10/rtrade-gallery.jpg"
29,"Tachyon","https://cryptoslate.com/wp-content/uploads/2019/09/tachyon-gallery-2.jpg"
30,"Tachyon","https://cryptoslate.com/wp-content/uploads/2019/09/tachyon-gallery-3.jpg"
31,"Tachyon","https://cryptoslate.com/wp-content/uploads/2019/09/tachyon-gallery-1.jpg"
32,"Miner Bros Limited","https://cryptoslate.com/wp-content/uploads/2019/08/Miner-Bros-Limited-gallery-3.jpg"
33,"Miner Bros Limited","https://cryptoslate.com/wp-content/uploads/2019/08/Miner-Bros-Limited-gallery-2.jpg"
34,"Miner Bros Limited","https://cryptoslate.com/wp-content/uploads/2019/08/Miner-Bros-Limited-gallery-1.jpg"
35,"MXC","https://cryptoslate.com/wp-content/uploads/2019/07/gallery-3.jpg"
36,"MXC","https://cryptoslate.com/wp-content/uploads/2019/07/gallery-2.jpg"
37,"MXC","https://cryptoslate.com/wp-content/uploads/2019/07/gallery-1.jpg"
38,"MeterQubes","https://cryptoslate.com/wp-content/uploads/2019/07/metercubes-gallery-03.jpg"
39,"MeterQubes","https://cryptoslate.com/wp-content/uploads/2019/07/metercubes-gallery-02.jpg"
40,"MeterQubes","https://cryptoslate.com/wp-content/uploads/2019/07/metercubes-gallery-01.jpg"
41,"Crypto Finance","https://cryptoslate.com/wp-content/uploads/2019/07/Crypto-Finance-gallery-3.jpg"
42,"Crypto Finance","https://cryptoslate.com/wp-content/uploads/2019/07/Crypto-Finance-gallery-2.jpg"
43,"Crypto Finance","https://cryptoslate.com/wp-content/uploads/2019/07/Crypto-Finance-gallery-1.jpg"
44,"UPbit","https://cryptoslate.com/wp-content/uploads/2019/06/Upbit-gallery-3.jpg"
45,"UPbit","https://cryptoslate.com/wp-content/uploads/2019/06/Upbit-gallery-2.jpg"
46,"UPbit","https://cryptoslate.com/wp-content/uploads/2019/06/Upbit-gallery-1.jpg"
47,"nChain","https://cryptoslate.com/wp-content/uploads/2019/05/nChain-photo-gallery-03.jpg"
48,"nChain","https://cryptoslate.com/wp-content/uploads/2019/05/nChain-photo-gallery-02.jpg"
49,"nChain","https://cryptoslate.com/wp-content/uploads/2019/05/nChain-photo-gallery-01.jpg"
50,"Block.one","https://cryptoslate.com/wp-content/uploads/2019/05/block.one-gallery-03.jpg"
51,"Block.one","https://cryptoslate.com/wp-content/uploads/2019/05/block.one-gallery-02.jpg"
52,"Block.one","https://cryptoslate.com/wp-content/uploads/2019/05/block.one-gallery-01.jpg"
53,"CODEX","https://cryptoslate.com/wp-content/uploads/2019/02/codex-gallery-image03.jpg"
54,"CODEX","https://cryptoslate.com/wp-content/uploads/2019/02/codex-gallery-image01.jpg"
55,"CODEX","https://cryptoslate.com/wp-content/uploads/2019/02/codex-gallery-image02.jpg"
56,"HitBTC","https://cryptoslate.com/wp-content/uploads/2018/12/HitBTC-exchange-image-2.jpg"
57,"HitBTC","https://cryptoslate.com/wp-content/uploads/2018/12/HitBTC-exchange-image2.jpg"
58,"HitBTC","https://cryptoslate.com/wp-content/uploads/2018/12/HitBTC-exchange-image-1.jpg"
59,"Minds + Machines Group Limited","https://cryptoslate.com/wp-content/uploads/2018/11/luxe-screenshot-01.jpg"
60,"Genesis Mining","https://cryptoslate.com/wp-content/uploads/2018/10/genesis-mining-gallery-1.jpg"
61,"Poloniex","https://cryptoslate.com/wp-content/uploads/2018/10/Poloniex-screenshot-01.jpg"
62,"Kraken","https://cryptoslate.com/wp-content/uploads/2018/10/kraken-company-gallery-03.jpg"
63,"Kraken","https://cryptoslate.com/wp-content/uploads/2018/10/kraken-company-gallery-02.jpg"
64,"Kraken","https://cryptoslate.com/wp-content/uploads/2018/10/kraken-company-gallery-01.jpg"
65,"CryptoPanic","https://cryptoslate.com/wp-content/uploads/2018/10/Cryptopanic-screenshot-1.jpg"
66,"Hyperledger","https://cryptoslate.com/wp-content/uploads/2018/10/hyperledger-screenshot-03.jpg"
67,"Hyperledger","https://cryptoslate.com/wp-content/uploads/2018/10/hyperledger-screenshot-02.jpg"
68,"Hyperledger","https://cryptoslate.com/wp-content/uploads/2018/10/hyperledger-screenshot-01.jpg"
69,"Goldman Sachs","https://cryptoslate.com/wp-content/uploads/2018/10/Goldman-Sachs-company-gallery-2.jpg"
70,"Goldman Sachs","https://cryptoslate.com/wp-content/uploads/2018/10/Goldman-Sachs-company-gallery-1.jpg"
71,"BitGo","https://cryptoslate.com/wp-content/uploads/2018/10/BitGo-company-image-gallery-01.jpg"
72,"Blockchain, Inc.","https://cryptoslate.com/wp-content/uploads/2018/09/Blockchain-team-image-gallery-02.jpg"
73,"Blockchain, Inc.","https://cryptoslate.com/wp-content/uploads/2018/09/Blockchain-team-image-gallery-01.jpg"
74,"Issuance","https://cryptoslate.com/wp-content/uploads/2018/09/issuance-screenshot-01.jpg"
75,"Node Capital","https://cryptoslate.com/wp-content/uploads/2018/09/Node-Capital-company-image-gallery-01.jpg"
76,"Omise","https://cryptoslate.com/wp-content/uploads/2018/09/omise-company-gallery-01.jpg"
77,"TF Blockchain","https://cryptoslate.com/wp-content/uploads/2018/09/tf-blockchain-gallery-02.jpg"
78,"TF Blockchain","https://cryptoslate.com/wp-content/uploads/2018/09/tf-blockchain-gallery-01.jpg"
79,"TF Blockchain","https://cryptoslate.com/wp-content/uploads/2018/09/tf-blockchain-gallery-03.jpg"
80,"Skew","https://cryptoslate.com/wp-content/uploads/2019/11/skew-gallery-03.jpg"
81,"Skew","https://cryptoslate.com/wp-content/uploads/2019/11/skew-gallery-02.jpg"
82,"Skew","https://cryptoslate.com/wp-content/uploads/2019/11/skew-gallery-01.jpg"
83,"MyCointainer","https://cryptoslate.com/wp-content/uploads/2020/02/MyContainer-gallery-03.jpg"
84,"MyCointainer","https://cryptoslate.com/wp-content/uploads/2020/02/MyContainer-gallery-02.jpg"
85,"MyCointainer","https://cryptoslate.com/wp-content/uploads/2020/02/MyContainer-gallery-01.jpg"
86,"#Hashed","https://cryptoslate.com/wp-content/uploads/2018/09/hashed-gallery-image-3.jpg"
87,"#Hashed","https://cryptoslate.com/wp-content/uploads/2018/09/hashed-gallery-image-2.jpg"
88,"#Hashed","https://cryptoslate.com/wp-content/uploads/2018/09/hashed-gallery-image-1.jpg"
89,"Truffle","https://cryptoslate.com/wp-content/uploads/2019/07/truffle-gallery-1.jpg"
90,"Truffle","https://cryptoslate.com/wp-content/uploads/2019/07/truffle-gallery-2.jpg"
91,"Truffle","https://cryptoslate.com/wp-content/uploads/2019/07/truffle-gallery-3.jpg"
92,"ShortHop","https://cryptoslate.com/wp-content/uploads/2019/12/Shorthop-gallery-3.jpg"
93,"ShortHop","https://cryptoslate.com/wp-content/uploads/2019/12/Shorthop-gallery-2.jpg"
94,"ShortHop","https://cryptoslate.com/wp-content/uploads/2019/12/Shorthop-gallery-1.jpg"
95,"ZenLedger","https://cryptoslate.com/wp-content/uploads/2018/09/Zenledger-company-gallery-1.jpg"
96,"BW.com","https://cryptoslate.com/wp-content/uploads/2020/02/BW-gallery-3.jpg"
97,"BW.com","https://cryptoslate.com/wp-content/uploads/2020/02/BW-gallery-2.jpg"
98,"BW.com","https://cryptoslate.com/wp-content/uploads/2020/02/BW-gallery-1.jpg"
99,"ZBG","https://cryptoslate.com/wp-content/uploads/2020/02/ZBG-social-2.jpg"
100,"ZBG","https://cryptoslate.com/wp-content/uploads/2020/02/ZBG-social-1.jpg"
101,"ZBG","https://cryptoslate.com/wp-content/uploads/2020/02/ZBG-social-3.jpg"
102,"ZB.com","https://cryptoslate.com/wp-content/uploads/2020/03/Zp-company-gallery-image-4.jpg"
103,"ZB.com","https://cryptoslate.com/wp-content/uploads/2020/03/Zp-company-gallery-image-3.jpg"
104,"ZB.com","https://cryptoslate.com/wp-content/uploads/2020/03/Zp-company-gallery-image-2.jpg"
105,"BaseFEX","https://cryptoslate.com/wp-content/uploads/2020/03/BaseFEX-gallery-3.jpg"
106,"BaseFEX","https://cryptoslate.com/wp-content/uploads/2020/03/BaseFEX-gallery-2.jpg"
107,"BaseFEX","https://cryptoslate.com/wp-content/uploads/2020/03/BaseFEX-gallery-1.jpg"
108,"ChangeNOW","https://cryptoslate.com/wp-content/uploads/2018/12/ChangeNOW-gallery-screenshot-02.jpg"
109,"ChangeNOW","https://cryptoslate.com/wp-content/uploads/2018/12/ChangeNOW-gallery-screenshot-01.jpg"
110,"Decoin","https://cryptoslate.com/wp-content/uploads/2020/02/Decoin-gallery-1.jpg"
111,"Bitcoin of America","https://cryptoslate.com/wp-content/uploads/2019/12/Bitcoin-of-America-gallery-3.jpg"
112,"Bitcoin of America","https://cryptoslate.com/wp-content/uploads/2019/12/Bitcoin-of-America-gallery-1.jpg"
113,"Bitcoin of America","https://cryptoslate.com/wp-content/uploads/2019/12/Bitcoin-of-America-gallery-2.jpg"
114,"Bitcoin Club Malta","https://cryptoslate.com/wp-content/uploads/2018/09/bitcoin-club-image-gallery-03.jpg"
115,"Bitcoin Club Malta","https://cryptoslate.com/wp-content/uploads/2018/09/bitcoin-club-image-gallery-02.jpg"
116,"Bitcoin Club Malta","https://cryptoslate.com/wp-content/uploads/2018/09/bitcoin-club-image-gallery-01.jpg"
117,"BitCoke","https://cryptoslate.com/wp-content/uploads/2020/04/Bitcoke-gallery-2.jpg"
118,"BitCoke","https://cryptoslate.com/wp-content/uploads/2020/04/Bitcoke-gallery-1.jpg"
119,"BitCoke","https://cryptoslate.com/wp-content/uploads/2020/04/Bitcoke-gallery-3.jpg"
120,"Ripple","https://cryptoslate.com/wp-content/uploads/2018/09/Ripple-company-image-gallery-03.jpg"
121,"Ripple","https://cryptoslate.com/wp-content/uploads/2018/09/Ripple-company-image-gallery-02.jpg"
122,"Ripple","https://cryptoslate.com/wp-content/uploads/2018/09/Ripple-company-image-gallery-01.jpg"
123,"EAK Digital","https://cryptoslate.com/wp-content/uploads/2018/11/eak-gallery-03.jpg"
124,"EAK Digital","https://cryptoslate.com/wp-content/uploads/2018/11/eak-gallery-02.jpg"
125,"EAK Digital","https://cryptoslate.com/wp-content/uploads/2018/11/eak-gallery-01.jpg"
126,"Overbit","https://cryptoslate.com/wp-content/uploads/2020/05/Overbit-gallery-1.jpg"
127,"Overbit","https://cryptoslate.com/wp-content/uploads/2020/05/Overbit-gallery-2.jpg"
128,"Overbit","https://cryptoslate.com/wp-content/uploads/2020/05/Overbit-gallery-3.jpg"
129,"OpenCrowd","https://cryptoslate.com/wp-content/uploads/2019/03/Opencrowd-gallery-3.jpg"
130,"OpenCrowd","https://cryptoslate.com/wp-content/uploads/2019/03/Opencrowd-gallery-1.jpg"
131,"CryptoLocally","https://cryptoslate.com/wp-content/uploads/2020/05/Cryptolocally-gallery-1.jpg"
132,"Draper Goren Holm","https://cryptoslate.com/wp-content/uploads/2020/05/Draper-Goren-Holm-gallery-1.jpg"
133,"Santiment","https://cryptoslate.com/wp-content/uploads/2020/05/santiment-gallery-03.jpg"
134,"Santiment","https://cryptoslate.com/wp-content/uploads/2020/05/santiment-gallery-02.jpg"
135,"Santiment","https://cryptoslate.com/wp-content/uploads/2020/05/santiment-gallery-01.jpg"
136,"Securitize","https://cryptoslate.com/wp-content/uploads/2019/08/Securitize-gallery-3.jpg"
137,"Securitize","https://cryptoslate.com/wp-content/uploads/2019/08/Securitize-gallery-2.jpg"
138,"Securitize","https://cryptoslate.com/wp-content/uploads/2019/08/Securitize-gallery-1.jpg"
139,"OKCoin","https://cryptoslate.com/wp-content/uploads/2020/05/okcoin-gallery-01.jpg"
140,"Celsius Network","https://cryptoslate.com/wp-content/uploads/2019/11/celsius-gallery-01.jpg"
141,"Celsius Network","https://cryptoslate.com/wp-content/uploads/2019/11/celsius-gallery-02.jpg"
142,"Celsius Network","https://cryptoslate.com/wp-content/uploads/2019/11/celsius-gallery-03.jpg"
143,"bitFlyer","https://cryptoslate.com/wp-content/uploads/2020/06/bitFlyer-gallery-1.jpg"
144,"bitFlyer","https://cryptoslate.com/wp-content/uploads/2020/06/bitFlyer-gallery-2.jpg"
145,"EMURGO","https://cryptoslate.com/wp-content/uploads/2019/11/emurgo-meetup-japan.jpg"
146,"EMURGO","https://cryptoslate.com/wp-content/uploads/2019/11/ken-kodama-on-stage-1.jpg"
147,"EMURGO","https://cryptoslate.com/wp-content/uploads/2019/04/EMURGO-gallery-1.jpg"
148,"SwapSpace","https://cryptoslate.com/wp-content/uploads/2020/06/swapspace-gallery-1.jpg"
149,"SwapSpace","https://cryptoslate.com/wp-content/uploads/2020/06/swapspace-gallery-3.jpg"
150,"SwapSpace","https://cryptoslate.com/wp-content/uploads/2020/06/swapspace-gallery-2.jpg"
151,"Crypto.Games","https://cryptoslate.com/wp-content/uploads/2020/06/Crypto-Games-gallery-2.jpg"
152,"Crypto.Games","https://cryptoslate.com/wp-content/uploads/2020/06/Crypto-Games-gallery-3.jpg"
153,"Crypto.Games","https://cryptoslate.com/wp-content/uploads/2020/06/Crypto-Games-gallery-1.jpg"
154,"YouHodler","https://cryptoslate.com/wp-content/uploads/2020/06/youhodler-gallery-1.jpg"
155,"YouHodler","https://cryptoslate.com/wp-content/uploads/2020/06/youhodler-gallery-2.jpg"
156,"YouHodler","https://cryptoslate.com/wp-content/uploads/2020/06/youhodler-gallery-3.jpg"
157,"Phemex","https://cryptoslate.com/wp-content/uploads/2020/06/Phemex-gallery-social.jpg"
158,"Bityard","https://cryptoslate.com/wp-content/uploads/2020/06/Bityard-gallery-1.jpg"
159,"Bityard","https://cryptoslate.com/wp-content/uploads/2020/06/Bityard-gallery-2.jpg"
160,"Switchere","https://cryptoslate.com/wp-content/uploads/2020/05/Switchere-gallery-3.jpg"
161,"Switchere","https://cryptoslate.com/wp-content/uploads/2020/05/Switchere-gallery-2.jpg"
162,"Switchere","https://cryptoslate.com/wp-content/uploads/2020/05/Switchere-gallery-1.jpg"
163,"XBTPro","https://cryptoslate.com/wp-content/uploads/2020/05/XBTpro-gallery-2.jpg"
164,"XBTPro","https://cryptoslate.com/wp-content/uploads/2020/05/XBTpro-gallery-1.jpg"
165,"Exolix","https://cryptoslate.com/wp-content/uploads/2020/08/exolix-galery-2-social.jpg"
166,"Exolix","https://cryptoslate.com/wp-content/uploads/2020/08/exolix-galery-1-social.jpg"
167,"CryptoAltum","https://cryptoslate.com/wp-content/uploads/2020/07/gallery-1-social.jpg"
168,"NSBroker","https://cryptoslate.com/wp-content/uploads/2020/08/NSB-gallery-2.jpg"
169,"NSBroker","https://cryptoslate.com/wp-content/uploads/2020/08/NSB-gallery-1.jpg"
170,"ZBX","https://cryptoslate.com/wp-content/uploads/2018/12/zbx-03.jpg"
171,"ZBX","https://cryptoslate.com/wp-content/uploads/2018/12/zbx-02.jpg"
172,"ZBX","https://cryptoslate.com/wp-content/uploads/2018/12/zbx-01.jpg"
173,"MyCoinStory","https://cryptoslate.com/wp-content/uploads/2020/06/mcs-gallery-3.jpg"
174,"MyCoinStory","https://cryptoslate.com/wp-content/uploads/2020/06/mcs-gallery-1.jpg"
175,"MyCoinStory","https://cryptoslate.com/wp-content/uploads/2020/06/mcs-gallery-2.jpg"
176,"Akoin","https://cryptoslate.com/wp-content/uploads/2020/02/akoin-gallery-02.jpg"
177,"Akoin","https://cryptoslate.com/wp-content/uploads/2020/02/akoin-gallery-01.jpg"
178,"Akoin","https://cryptoslate.com/wp-content/uploads/2020/02/akoin-gallery-03.jpg"
179,"Anycoin Direct","https://cryptoslate.com/wp-content/uploads/2020/07/anycoin-gallery-2.jpg"
180,"Anycoin Direct","https://cryptoslate.com/wp-content/uploads/2020/07/anycoin-gallery-3.jpg"
181,"Anycoin Direct","https://cryptoslate.com/wp-content/uploads/2020/07/anycoin-gallery-1.jpg"
182,"Revolut","https://cryptoslate.com/wp-content/uploads/2019/08/revolut-gallery-3.jpg"
183,"Revolut","https://cryptoslate.com/wp-content/uploads/2019/08/revolut-gallery-2.jpg"
184,"Revolut","https://cryptoslate.com/wp-content/uploads/2019/08/revolut-gallery-1.jpg"
185,"Binance","https://cryptoslate.com/wp-content/uploads/2018/09/company-binance-02.jpg"
186,"Binance","https://cryptoslate.com/wp-content/uploads/2018/09/company-binance-03.jpg"
187,"Binance","https://cryptoslate.com/wp-content/uploads/2018/09/Binance-company-image-gallery-01.jpg"
188,"Grayscale Investments","https://cryptoslate.com/wp-content/uploads/2019/07/Grayscale-gallery-3.jpg"
189,"Grayscale Investments","https://cryptoslate.com/wp-content/uploads/2019/07/Grayscale-gallery-2.jpg"
190,"Grayscale Investments","https://cryptoslate.com/wp-content/uploads/2019/07/Grayscale-gallery-1.jpg"
191,"Mogul Productions","https://cryptoslate.com/wp-content/uploads/2021/03/mogul-productions-company-gallery1.jpg"
192,"Mogul Productions","https://cryptoslate.com/wp-content/uploads/2021/03/mogul-productions-company-gallery2.jpg"
193,"Mogul Productions","https://cryptoslate.com/wp-content/uploads/2021/03/mogul-productions-company-gallery3.jpg"
194,"Coinbase","https://cryptoslate.com/wp-content/uploads/2018/09/coinbase-company-gallery-image-03.jpg"
195,"Coinbase","https://cryptoslate.com/wp-content/uploads/2018/09/coinbase-company-gallery-image-02.jpg"
196,"Coinbase","https://cryptoslate.com/wp-content/uploads/2018/09/coinbase-company-gallery-image-01.jpg"
197,"C-Trade","https://cryptoslate.com/wp-content/uploads/2021/05/c-trade-gallery-2.jpg"
198,"C-Trade","https://cryptoslate.com/wp-content/uploads/2021/05/c-trade-gallery-1.jpg"
199,"C-Trade","https://cryptoslate.com/wp-content/uploads/2021/05/c-trade-gallery-3.jpg"
200,"Bitbuy","https://cryptoslate.com/wp-content/uploads/2020/10/bitbuy-3a-Express_Trade_Buy_BTC.jpg"
201,"Bitbuy","https://cryptoslate.com/wp-content/uploads/2020/10/bitbuy-2-Pro_Trade_Dark.jpg"
202,"Bitbuy","https://cryptoslate.com/wp-content/uploads/2020/10/bitbuy-1-Mockup_ProTrade.jpg"
203,"ADD.XYZ","https://cryptoslate.com/wp-content/uploads/2021/05/add-xyz-gallery.jpg"
204,"ADD.XYZ","https://cryptoslate.com/wp-content/uploads/2021/05/add-xyz-gallery-1.jpg"
205,"Visa","https://cryptoslate.com/wp-content/uploads/2018/11/Visa-B2B-Connect-gallery-01.jpg"
206,"Binance.US","https://cryptoslate.com/wp-content/uploads/2019/09/binance-us-pic-03.jpg"
207,"Binance.US","https://cryptoslate.com/wp-content/uploads/2019/09/binance-us-pic-02.jpg"
208,"Binance.US","https://cryptoslate.com/wp-content/uploads/2019/09/binance-us-pic-01.jpg"
209,"Worthpad","https://cryptoslate.com/wp-content/uploads/2021/11/worthpad-gallery-2.jpg"
210,"Worthpad","https://cryptoslate.com/wp-content/uploads/2021/11/worthpad-gallery-3.jpg"
211,"Worthpad","https://cryptoslate.com/wp-content/uploads/2021/11/worthpad-gallery-1.jpg"
212,"LetsExchange","https://cryptoslate.com/wp-content/uploads/2021/05/LetsExchange-image-gallery-1.jpg"
213,"LetsExchange","https://cryptoslate.com/wp-content/uploads/2021/05/LetsExchange-image-gallery-2.jpg"
214,"LetsExchange","https://cryptoslate.com/wp-content/uploads/2021/05/LetsExchange-image-gallery-3.jpg"
215,"Duelbits","https://cryptoslate.com/wp-content/uploads/2022/01/duelbits-screenshot-2.jpg"
216,"Duelbits","https://cryptoslate.com/wp-content/uploads/2022/01/duelbits-screenshot-3.jpg"
217,"Duelbits","https://cryptoslate.com/wp-content/uploads/2022/01/duelbits-screenshot-1.jpg"
218,"OKX","https://cryptoslate.com/wp-content/uploads/2018/11/OKEX-gallery-03.jpg"
219,"OKX","https://cryptoslate.com/wp-content/uploads/2018/11/OKEX-gallery-02.jpg"
220,"OKX","https://cryptoslate.com/wp-content/uploads/2018/11/OKEX-gallery-01.jpg"
221,"Footprint Analytics","https://cryptoslate.com/wp-content/uploads/2021/10/footprint-gallery-03.jpg"
222,"Footprint Analytics","https://cryptoslate.com/wp-content/uploads/2021/10/footprint-gallery-02.jpg"
223,"Footprint Analytics","https://cryptoslate.com/wp-content/uploads/2021/10/footprint-gallery-01.jpg"
224,"BlockDown","https://cryptoslate.com/wp-content/uploads/2020/04/blockdown-changpeng-zhao.jpg"
225,"BlockDown","https://cryptoslate.com/wp-content/uploads/2020/04/blockdown-roger-ver.jpg"
226,"BlockDown","https://cryptoslate.com/wp-content/uploads/2020/04/blockdown-erhan-korhaliller.jpg"
227,"Circle","https://cryptoslate.com/wp-content/uploads/2018/09/Circle-image-gallery-02.jpg"
228,"Bity","https://cryptoslate.com/wp-content/uploads/2018/09/bity-image-gallery-02.jpg"
229,"Bity","https://cryptoslate.com/wp-content/uploads/2018/09/bity-image-gallery-01.jpg"
230,"ConsenSys","https://cryptoslate.com/wp-content/uploads/2018/09/ConsenSys-image-gallery-03.jpg"
231,"ConsenSys","https://cryptoslate.com/wp-content/uploads/2018/09/ConsenSys-image-gallery-02.jpg"
232,"ConsenSys","https://cryptoslate.com/wp-content/uploads/2018/09/ConsenSys-image-gallery-01.jpg"
233,"CoinDesk","https://cryptoslate.com/wp-content/uploads/2022/03/coindesk-4.jpg"
234,"CoinDesk","https://cryptoslate.com/wp-content/uploads/2022/03/coindesk-2.jpg"
235,"CoinDesk","https://cryptoslate.com/wp-content/uploads/2022/03/coindesk-1.jpg"
236,"Magic Eden","https://cryptoslate.com/wp-content/uploads/2022/03/magic-eden-3.jpg"
237,"Magic Eden","https://cryptoslate.com/wp-content/uploads/2022/03/magic-eden-2.jpg"
238,"Magic Eden","https://cryptoslate.com/wp-content/uploads/2022/03/magic-eden-1.jpg"
239,"Coinbase NFT","https://cryptoslate.com/wp-content/uploads/2022/03/coinbase-nft-1.jpg"
240,"Coinbase NFT","https://cryptoslate.com/wp-content/uploads/2022/03/coinbase-nft-2.jpg"
241,"Crypto.com NFT","https://cryptoslate.com/wp-content/uploads/2022/03/cryptoCom-nft-3.jpg"
242,"Crypto.com NFT","https://cryptoslate.com/wp-content/uploads/2022/03/cryptoCom-nft-2.jpg"
243,"Crypto.com NFT","https://cryptoslate.com/wp-content/uploads/2022/03/cryptoCom-nft-1.jpg"
244,"LooksRare","https://cryptoslate.com/wp-content/uploads/2022/03/looksrare-screen2.jpg"
245,"LooksRare","https://cryptoslate.com/wp-content/uploads/2022/03/looksrare-screen1.jpg"
246,"Input Output","https://cryptoslate.com/wp-content/uploads/2018/11/iohk-gallery-03.jpg"
247,"Input Output","https://cryptoslate.com/wp-content/uploads/2018/11/iohk-gallery-02.jpg"
248,"Input Output","https://cryptoslate.com/wp-content/uploads/2018/11/iohk-gallery-01.jpg"
249,"Solanart","https://cryptoslate.com/wp-content/uploads/2022/03/solanart-3.jpg"
250,"Solanart","https://cryptoslate.com/wp-content/uploads/2022/03/solanart-2.jpg"
251,"Solanart","https://cryptoslate.com/wp-content/uploads/2022/03/solanart-1.jpg"
252,"GiveCrypto","https://cryptoslate.com/wp-content/uploads/2022/03/givecrypto-4.jpg"
253,"GiveCrypto","https://cryptoslate.com/wp-content/uploads/2022/03/givecrypto-2.jpg"
254,"GiveCrypto","https://cryptoslate.com/wp-content/uploads/2022/03/givecrypto-3.jpg"
255,"Kusama Kingdom","https://cryptoslate.com/wp-content/uploads/2022/03/kusama-kingdom-3.jpg"
256,"Kusama Kingdom","https://cryptoslate.com/wp-content/uploads/2022/03/kusama-kingdom-2.jpg"
257,"Kusama Kingdom","https://cryptoslate.com/wp-content/uploads/2022/03/kusama-kingdom-1.jpg"
258,"Reflexer Labs","https://cryptoslate.com/wp-content/uploads/2022/03/reflexer-labs-2.jpg"
259,"Reflexer Labs","https://cryptoslate.com/wp-content/uploads/2022/03/reflexer-labs-1.jpg"
260,"Bored Ape Yacht Club","https://cryptoslate.com/wp-content/uploads/2022/03/bayc-3.jpg"
261,"Bored Ape Yacht Club","https://cryptoslate.com/wp-content/uploads/2022/03/bayc-2.jpg"
262,"Bored Ape Yacht Club","https://cryptoslate.com/wp-content/uploads/2022/03/bayc-1.jpg"
263,"Quadency","https://cryptoslate.com/wp-content/uploads/2018/12/quadency-3.jpg"
264,"Quadency","https://cryptoslate.com/wp-content/uploads/2018/12/quadency-2.jpg"
265,"Quadency","https://cryptoslate.com/wp-content/uploads/2018/12/quadency-1.jpg"
266,"SwissBorg","https://cryptoslate.com/wp-content/uploads/2020/10/swissborg-gallery-03.jpg"
267,"SwissBorg","https://cryptoslate.com/wp-content/uploads/2020/10/swissborg-gallery-02.jpg"
268,"SwissBorg","https://cryptoslate.com/wp-content/uploads/2020/10/swissborg-gallery-01.jpg"
269,"Meta","https://cryptoslate.com/wp-content/uploads/2019/06/mark-at-f8.jpg"
270,"Meta","https://cryptoslate.com/wp-content/uploads/2019/06/21-lobby-six.jpg"
271,"Meta","https://cryptoslate.com/wp-content/uploads/2019/06/fbwm_cw_07.jpg"
272,"IntoTheBlock","https://cryptoslate.com/wp-content/uploads/2019/09/intotheblock-pic01.jpg"
273,"IntoTheBlock","https://cryptoslate.com/wp-content/uploads/2019/09/intotheblock-pic02.jpg"
274,"IntoTheBlock","https://cryptoslate.com/wp-content/uploads/2019/09/intotheblock-pic03.jpg"
275,"OpenSea","https://cryptoslate.com/wp-content/uploads/2022/03/open-3.jpg"
276,"OpenSea","https://cryptoslate.com/wp-content/uploads/2022/03/open2.jpg"
277,"OpenSea","https://cryptoslate.com/wp-content/uploads/2022/03/open-11.jpg"
278,"The Block","https://cryptoslate.com/wp-content/uploads/2022/03/The-Block-News.jpg"
279,"The Block","https://cryptoslate.com/wp-content/uploads/2022/03/The-Block-Dashboard.jpg"
280,"Cointelegraph","https://cryptoslate.com/wp-content/uploads/2022/03/Cointelegraph-Dashboard-II.jpg"
281,"Cointelegraph","https://cryptoslate.com/wp-content/uploads/2022/03/Cointelegraph-Dashboard.jpg"
282,"Blockworks","https://cryptoslate.com/wp-content/uploads/2022/03/Blockworks-Metaverse.jpg"
283,"Blockworks","https://cryptoslate.com/wp-content/uploads/2022/03/Blockworks-Sidebar.jpg"
284,"Blockworks","https://cryptoslate.com/wp-content/uploads/2022/03/Blockworks-Dashboard.jpg"
285,"SmartFi","https://cryptoslate.com/wp-content/uploads/2022/03/SmartFi-gallery-image-3.jpg"
286,"SmartFi","https://cryptoslate.com/wp-content/uploads/2022/03/SmartFi-gallery-image-2.jpg"
287,"SmartFi","https://cryptoslate.com/wp-content/uploads/2022/03/SmartFi-gallery-image-1.jpg"
288,"Spendabit","https://cryptoslate.com/wp-content/uploads/2022/04/spendabit-cover-1.jpg"
289,"MINERSET","https://cryptoslate.com/wp-content/uploads/2022/04/minerset-2.jpg"
290,"MINERSET","https://cryptoslate.com/wp-content/uploads/2022/04/minerset-1.jpg"
291,"MINERSET","https://cryptoslate.com/wp-content/uploads/2022/04/minerset-3.jpg"
292,"Autograph","https://cryptoslate.com/wp-content/uploads/2022/04/autograph-1.jpg"
293,"Autograph","https://cryptoslate.com/wp-content/uploads/2022/04/autograph-2.jpg"
294,"Animoca Brands","https://cryptoslate.com/wp-content/uploads/2022/04/animoca-1.jpg"
295,"Strike","https://cryptoslate.com/wp-content/uploads/2022/04/strike-cover-3.jpg"
296,"Strike","https://cryptoslate.com/wp-content/uploads/2022/04/strike-cover-2.jpg"
297,"Strike","https://cryptoslate.com/wp-content/uploads/2022/04/strike-cover-1.jpg"
