"id","product_name","similar_name"
1,"Delta","TradingView"
2,"Delta","CoinStats"
3,"Delta","Blockfolio"
4,"Delta","SwissBorg Wealth App"
5,"Delta","Coinpaprika"
6,"Delta","CoinMarketCap"
7,"Delta","Crypto Pro"
8,"Delta","CryptoCompare"
9,"Delta","MarketGod Trading"
10,"Delta","Ohio Bitcoin"
11,"TREZOR ONE White","KeepKey"
12,"TREZOR ONE White","TREZOR Model T"
13,"TREZOR ONE White","Ledger Blue"
14,"TREZOR ONE White","Digital BitBox"
15,"TREZOR ONE White","Ledger Nano S"
16,"Coygo","Bitbuy App"
17,"Coygo","Amplify Brokerage"
18,"Coygo","Binance App"
19,"Coygo","ZB App"
20,"Coygo","eToro"
21,"Coygo","HodlBot"
22,"Coygo","Bexplus"
23,"Coygo","Bybit App"
24,"Coygo","SwissBorg Wealth App"
25,"Coygo","ZBG App"
26,"Amplify Brokerage","CoinTiger"
27,"Amplify Brokerage","ZBG App"
28,"Amplify Brokerage","Circle Invest"
29,"Amplify Brokerage","Algomate Trading Platform"
30,"Amplify Brokerage","Coinbase App"
31,"Amplify Brokerage","Ethermium"
32,"Amplify Brokerage","Coygo"
33,"Amplify Brokerage","Binance App"
34,"Amplify Brokerage","Abra"
35,"Amplify Brokerage","Quadency"
36,"Ohio Bitcoin","Delta"
37,"Ohio Bitcoin","SwissBorg Wealth App"
38,"Ohio Bitcoin","Coinpaprika"
39,"Ohio Bitcoin","Blockfolio"
40,"Ohio Bitcoin","Crypto Pro"
41,"Ohio Bitcoin","MarketGod Trading"
42,"Ohio Bitcoin","CoinMarketCap"
43,"Ohio Bitcoin","CoinStats"
44,"Ohio Bitcoin","TradingView"
45,"Ohio Bitcoin","CryptoCompare"
46,"Blockchain Explorer","Seiza"
47,"Blockchain Explorer","DragonGlass"
48,"Blockchain Explorer","Etherscan"
49,"Etherscan","DragonGlass"
50,"Etherscan","Blockchain Explorer"
51,"Etherscan","Seiza"
52,"Seiza","DragonGlass"
53,"Seiza","Etherscan"
54,"Seiza","Blockchain Explorer"
55,"Sheetcoin","Livepeer"
56,"Sheetcoin","Panda Earth"
57,"Sheetcoin","Fishbank"
58,"Sheetcoin","CryptoCities"
59,"Sheetcoin","MLB Crypto Baseball"
60,"Sheetcoin","LocalCryptos"
61,"Sheetcoin","Augur"
62,"Sheetcoin","Ethereum Name Service"
63,"Sheetcoin","LandSecrets"
64,"Sheetcoin","Chibi Fighters"
65,"RollerCoin","CryptoCities"
66,"RollerCoin","LandSecrets"
67,"RollerCoin","Crypt-Oink"
68,"RollerCoin","Altcoin Fantasy"
69,"RollerCoin","Blockchain Cuties"
70,"RollerCoin","ETH Birds"
71,"RollerCoin","MegaCryptoPolis"
72,"RollerCoin","Etheremon"
73,"RollerCoin","ETH.TOWN"
74,"RollerCoin","Fomo3D"
75,"Bitpie","Coinbase Wallet"
76,"Bitpie","Status"
77,"Bitpie","Jaxx Liberty"
78,"Bitpie","Plark"
79,"Bitpie","GreenAddress"
80,"Bitpie","Bitcoin Wallet"
81,"Bitpie","Bitpay Wallet"
82,"Bitpie","Circle Invest"
83,"Bitpie","CitoWise"
84,"Bitpie","Digifox"
85,"Bexplus","HodlBot"
86,"Bexplus","Coygo"
87,"Bexplus","Coinbase App"
88,"Bexplus","WunderTrading"
89,"Bexplus","eToro"
90,"Bexplus","MoonPay"
91,"Bexplus","CryptoView"
92,"Bexplus","Circle Invest"
93,"Bexplus","Abra"
94,"Bexplus","CryptoTrader"
95,"Temporal","MLB Crypto Baseball"
96,"Temporal","MakerDAO"
97,"Temporal","CryptoSoccr"
98,"Temporal","LandSecrets"
99,"Temporal","Axie Infinity"
100,"Temporal","Peepeth"
101,"Temporal","Etheremon"
102,"Temporal","Everdragons"
103,"Temporal","0xUniverse"
104,"Temporal","Fomo3D"
105,"Prodoge","MyCrypto"
106,"Prodoge","Circle Invest"
107,"Prodoge","XDEFI Wallet"
108,"Prodoge","Monarch"
109,"Prodoge","Binance App"
110,"Prodoge","StakedWallet"
111,"Prodoge","Bitamp"
112,"Prodoge","MyEtherWallet"
113,"Prodoge","Exodus"
114,"Prodoge","BRD"
115,"OAS Chain","Blockchain Cuties"
116,"OAS Chain","Everdragons"
117,"OAS Chain","CryptoBots"
118,"OAS Chain","CryptoGirl"
119,"OAS Chain","MegaCryptoPolis"
120,"OAS Chain","Uniswap"
121,"OAS Chain","Meme Factory"
122,"OAS Chain","Crypto Space Commander"
123,"OAS Chain","LandSecrets"
124,"OAS Chain","Livepeer"
125,"Haven","ChainFlix"
126,"Haven","Xapa Wallet"
127,"Haven","TronChat"
128,"Haven","Yoroi Wallet"
129,"Haven","Enjin Wallet"
130,"Haven","Coins.ph"
131,"Haven","BTC.com Wallet App"
132,"Haven","Monarch"
133,"Haven","Xapo"
134,"Haven","Bettergram"
135,"Crypto Pro","CoinMarketCap"
136,"Crypto Pro","Ohio Bitcoin"
137,"Crypto Pro","SwissBorg Wealth App"
138,"Crypto Pro","CoinStats"
139,"Crypto Pro","Blockfolio"
140,"Crypto Pro","Delta"
141,"Crypto Pro","TradingView"
142,"Crypto Pro","Coinpaprika"
143,"Crypto Pro","MarketGod Trading"
144,"Crypto Pro","CryptoCompare"
145,"Algomate Trading Platform","Binance App"
146,"Algomate Trading Platform","Ethermium"
147,"Algomate Trading Platform","CryptoTrader"
148,"Algomate Trading Platform","CoinTiger"
149,"Algomate Trading Platform","Coygo"
150,"Algomate Trading Platform","Bexplus"
151,"Algomate Trading Platform","HodlBot"
152,"Algomate Trading Platform","Circle Invest"
153,"Algomate Trading Platform","Coinbase App"
154,"Algomate Trading Platform","Bybit App"
155,"BC.Game","CryptoCities"
156,"BC.Game","XPet"
157,"BC.Game","Everipedia"
158,"BC.Game","CryptoCrystal"
159,"BC.Game","EOS Knights"
160,"BC.Game","CryptoGirl"
161,"BC.Game","Chibi Fighters"
162,"BC.Game","Wizards.one"
163,"BC.Game","0xUniverse"
164,"BC.Game","Altcoin Fantasy"
165,"Meme Factory","HyperDragons"
166,"Meme Factory","Ether Kingdoms"
167,"Meme Factory","ETH.TOWN"
168,"Meme Factory","CryptoSoccr"
169,"Meme Factory","0xUniverse"
170,"Meme Factory","Everdragons"
171,"Meme Factory","Temporal"
172,"Meme Factory","Livepeer"
173,"Meme Factory","Crypto Space Commander"
174,"Meme Factory","Sheetcoin"
175,"Yoroi Wallet","Coinomi"
176,"Yoroi Wallet","Digifox"
177,"Yoroi Wallet","BRD"
178,"Yoroi Wallet","Prodoge"
179,"Yoroi Wallet","Blockchain Wallet"
180,"Yoroi Wallet","GreenAddress"
181,"Yoroi Wallet","Circle Invest"
182,"Yoroi Wallet","MyCrypto"
183,"Yoroi Wallet","Bitpie"
184,"Yoroi Wallet","Trust Wallet"
185,"Daedalus","Xapo"
186,"Daedalus","MetaMask"
187,"Daedalus","Binance App"
188,"Daedalus","Opera"
189,"Daedalus","Yoroi Wallet"
190,"Daedalus","BTC.com Wallet App"
191,"Daedalus","GreenAddress"
192,"Daedalus","Omise"
193,"Daedalus","Enjin Wallet"
194,"Daedalus","Bitpay Wallet"
195,"Quadency","Bexplus"
196,"Quadency","CryptoTrader"
197,"Quadency","Robinhood"
198,"Quadency","Ethermium"
199,"Quadency","Axsonex"
200,"Quadency","Cashbackcloud"
201,"Quadency","WunderTrading"
202,"Quadency","CryptoView"
203,"Quadency","Coinbase App"
204,"Quadency","CoinTiger"
205,"Cashbackcloud","Robinhood"
206,"Cashbackcloud","ZBG App"
207,"Cashbackcloud","SwissBorg Wealth App"
208,"Cashbackcloud","Bexplus"
209,"Cashbackcloud","Circle Invest"
210,"Cashbackcloud","eToro"
211,"Cashbackcloud","ZB App"
212,"Cashbackcloud","MoonPay"
213,"Cashbackcloud","Ethermium"
214,"Cashbackcloud","Bybit App"
215,"XPet","1xBit"
216,"XPet","Wizards.one"
217,"XPet","Everipedia"
218,"XPet","GP Casino"
219,"XPet","PandaFun"
220,"XPet","EOS Knights"
221,"XPet","MonsterEOS.io"
222,"XPet","BC.Game"
223,"MonsterEOS.io","GP Casino"
224,"MonsterEOS.io","Wizards.one"
225,"MonsterEOS.io","PandaFun"
226,"MonsterEOS.io","1xBit"
227,"MonsterEOS.io","BC.Game"
228,"MonsterEOS.io","XPet"
229,"MonsterEOS.io","EOS Knights"
230,"MonsterEOS.io","Everipedia"
231,"Ether Kingdoms","Ethereum Name Service"
232,"Ether Kingdoms","Gods Unchained"
233,"Ether Kingdoms","LocalCryptos"
234,"Ether Kingdoms","Augur"
235,"Ether Kingdoms","ETH Birds"
236,"Ether Kingdoms","Everdragons"
237,"Ether Kingdoms","Ethermium"
238,"Ether Kingdoms","CryptoKitties"
239,"Ether Kingdoms","Decentraland"
240,"Ether Kingdoms","CryptoGirl"
241,"PandaFun","Wizards.one"
242,"PandaFun","1xBit"
243,"PandaFun","BC.Game"
244,"PandaFun","EOS Knights"
245,"PandaFun","XPet"
246,"PandaFun","Everipedia"
247,"PandaFun","GP Casino"
248,"PandaFun","MonsterEOS.io"
249,"EvolutionLand","MegaCryptoPolis"
250,"EvolutionLand","ETH.TOWN"
251,"EvolutionLand","Sheetcoin"
252,"EvolutionLand","Peepeth"
253,"EvolutionLand","Livepeer"
254,"EvolutionLand","ETH Birds"
255,"EvolutionLand","0xUniverse"
256,"EvolutionLand","Decentraland"
257,"EvolutionLand","Fomo3D"
258,"EvolutionLand","Minds"
259,"Cash App","Daedalus"
260,"Cash App","Xapo"
261,"Cash App","Edge Wallet"
262,"Cash App","Bitpie"
263,"Cash App","Xapa Wallet"
264,"Cash App","MetaMask"
265,"Cash App","uPort"
266,"Cash App","Trust Wallet"
267,"Cash App","Digifox"
268,"Cash App","Binance App"
269,"Ethermium","Circle Invest"
270,"Ethermium","Axsonex"
271,"Ethermium","Robinhood"
272,"Ethermium","Quadency"
273,"Ethermium","CoinTiger"
274,"Ethermium","Coinbase Pro"
275,"Ethermium","Axie Infinity"
276,"Ethermium","Everdragons"
277,"Ethermium","CryptoView"
278,"Ethermium","Digifox"
279,"Fishbank","Alchemy Toys"
280,"Fishbank","BC.Game"
281,"Fishbank","0x"
282,"Fishbank","Decentraland"
283,"Fishbank","Ethermium"
284,"Fishbank","Livepeer"
285,"Fishbank","ETH Birds"
286,"Fishbank","RollerCoin"
287,"Fishbank","MLB Crypto Baseball"
288,"Fishbank","CryptoRome"
289,"CryptoRome","Livepeer"
290,"CryptoRome","Altcoin Fantasy"
291,"CryptoRome","HyperDragons"
292,"CryptoRome","BC.Game"
293,"CryptoRome","0xUniverse"
294,"CryptoRome","Gods Unchained"
295,"CryptoRome","Uniswap"
296,"CryptoRome","Augur"
297,"CryptoRome","ETH.TOWN"
298,"CryptoRome","ETH Birds"
299,"BTC.com Wallet App","Bitamp"
300,"BTC.com Wallet App","OWNR Wallet"
301,"BTC.com Wallet App","AnkerPay"
302,"BTC.com Wallet App","Enjin Wallet"
303,"BTC.com Wallet App","MyCrypto"
304,"BTC.com Wallet App","Exodus"
305,"BTC.com Wallet App","Cash App"
306,"BTC.com Wallet App","Digifox"
307,"BTC.com Wallet App","Monarch"
308,"BTC.com Wallet App","Plark"
309,"Circle Invest","Robinhood"
310,"Circle Invest","Bybit App"
311,"Circle Invest","CitoWise"
312,"Circle Invest","Status"
313,"Circle Invest","MyCrypto"
314,"Circle Invest","GreenAddress"
315,"Circle Invest","Ronin Wallet"
316,"Circle Invest","Xapa Wallet"
317,"Circle Invest","CryptoView"
318,"Circle Invest","WunderTrading"
319,"Crypt-Oink","Livepeer"
320,"Crypt-Oink","MakerDAO"
321,"Crypt-Oink","MegaCryptoPolis"
322,"Crypt-Oink","ETH.TOWN"
323,"Crypt-Oink","ETH Birds"
324,"Crypt-Oink","Alchemy Toys"
325,"Crypt-Oink","Sheetcoin"
326,"Crypt-Oink","0xUniverse"
327,"Crypt-Oink","Augur"
328,"Crypt-Oink","CryptoCities"
329,"Everipedia","XPet"
330,"Everipedia","PandaFun"
331,"Everipedia","EOS Knights"
332,"Everipedia","1xBit"
333,"Everipedia","MonsterEOS.io"
334,"Everipedia","BC.Game"
335,"Everipedia","GP Casino"
336,"Everipedia","Wizards.one"
337,"EOS Knights","Alchemy Toys"
338,"EOS Knights","Chibi Fighters"
339,"EOS Knights","CryptoBots"
340,"EOS Knights","ETH Birds"
341,"EOS Knights","CryptoCrystal"
342,"EOS Knights","MonsterEOS.io"
343,"EOS Knights","XPet"
344,"EOS Knights","MegaCryptoPolis"
345,"EOS Knights","Etheremon"
346,"EOS Knights","SPADESBOOM"
347,"TronChat","Haven"
348,"TronChat","ChainFlix"
349,"TronChat","Bettergram"
350,"TronChat","Vitae.co"
351,"TronChat","Peepeth"
352,"TronChat","Status"
353,"uPort","Bitamp"
354,"uPort","Binance App"
355,"uPort","Xapo"
356,"uPort","Digifox"
357,"uPort","XDEFI Wallet"
358,"uPort","BTC.com Wallet App"
359,"uPort","Cash App"
360,"uPort","Jaxx Liberty"
361,"uPort","Yoroi Wallet"
362,"uPort","Ronin Wallet"
363,"Crypto Space Commander","Chibi Fighters"
364,"Crypto Space Commander","Ethermium"
365,"Crypto Space Commander","Everdragons"
366,"Crypto Space Commander","Axie Infinity"
367,"Crypto Space Commander","Sheetcoin"
368,"Crypto Space Commander","Fishbank"
369,"Crypto Space Commander","Fomo3D"
370,"Crypto Space Commander","Blockchain Cuties"
371,"Crypto Space Commander","MegaCryptoPolis"
372,"Crypto Space Commander","MLB Crypto Baseball"
373,"MLB Crypto Baseball","CryptoRome"
374,"MLB Crypto Baseball","CryptoBots"
375,"MLB Crypto Baseball","CryptoKitties"
376,"MLB Crypto Baseball","Crypto Space Commander"
377,"MLB Crypto Baseball","LandSecrets"
378,"MLB Crypto Baseball","Ether Kingdoms"
379,"MLB Crypto Baseball","Panda Earth"
380,"MLB Crypto Baseball","0x"
381,"MLB Crypto Baseball","MegaCryptoPolis"
382,"MLB Crypto Baseball","Fomo3D"
383,"CryptoCrystal","Altcoin Fantasy"
384,"CryptoCrystal","RollerCoin"
385,"CryptoCrystal","Alchemy Toys"
386,"CryptoCrystal","0xUniverse"
387,"CryptoCrystal","Everdragons"
388,"CryptoCrystal","EOS Knights"
389,"CryptoCrystal","Axie Infinity"
390,"CryptoCrystal","LandSecrets"
391,"CryptoCrystal","BC.Game"
392,"CryptoCrystal","CryptoRome"
393,"Minds","Blockchain Cuties"
394,"Minds","Ethereum Name Service"
395,"Minds","Ether Kingdoms"
396,"Minds","Fomo3D"
397,"Minds","ETH Birds"
398,"Minds","Peepeth"
399,"Minds","EvolutionLand"
400,"Minds","Ethermium"
401,"Minds","CryptoGirl"
402,"Minds","CryptoBots"
403,"CryptoCities","Meme Factory"
404,"CryptoCities","Crypto Space Commander"
405,"CryptoCities","Altcoin Fantasy"
406,"CryptoCities","Ethermium"
407,"CryptoCities","Decentraland"
408,"CryptoCities","Crypt-Oink"
409,"CryptoCities","MLB Crypto Baseball"
410,"CryptoCities","CryptoCrystal"
411,"CryptoCities","Sheetcoin"
412,"CryptoCities","Ethereum Name Service"
413,"Everdragons","Meme Factory"
414,"Everdragons","Chibi Fighters"
415,"Everdragons","Ether Kingdoms"
416,"Everdragons","Augur"
417,"Everdragons","Etheremon"
418,"Everdragons","Peepeth"
419,"Everdragons","Blockchain Cuties"
420,"Everdragons","Alchemy Toys"
421,"Everdragons","EvolutionLand"
422,"Everdragons","Ethermium"
423,"Decentraland","Panda Earth"
424,"Decentraland","Crypto Space Commander"
425,"Decentraland","LocalCryptos"
426,"Decentraland","LandSecrets"
427,"Decentraland","EvolutionLand"
428,"Decentraland","Axie Infinity"
429,"Decentraland","Ethereum Name Service"
430,"Decentraland","Fomo3D"
431,"Decentraland","Ethermium"
432,"Decentraland","Sheetcoin"
433,"BRD","MetaMask"
434,"BRD","Haven"
435,"BRD","Coinbase Wallet"
436,"BRD","Digifox"
437,"BRD","MyCrypto"
438,"BRD","StakedWallet"
439,"BRD","Bitcoin Wallet"
440,"BRD","Exodus"
441,"BRD","Opera"
442,"BRD","Edge Wallet"
443,"LandSecrets","Everdragons"
444,"LandSecrets","ETH Birds"
445,"LandSecrets","MakerDAO"
446,"LandSecrets","Crypt-Oink"
447,"LandSecrets","OAS Chain"
448,"LandSecrets","0x"
449,"LandSecrets","CryptoSoccr"
450,"LandSecrets","LocalCryptos"
451,"LandSecrets","Alchemy Toys"
452,"LandSecrets","CryptoBots"
453,"Electrum Bitcoin Wallet","Blockchain Wallet"
454,"Electrum Bitcoin Wallet","AnkerPay"
455,"Electrum Bitcoin Wallet","Daedalus"
456,"Electrum Bitcoin Wallet","StakedWallet"
457,"Electrum Bitcoin Wallet","CitoWise"
458,"Electrum Bitcoin Wallet","Digifox"
459,"Electrum Bitcoin Wallet","Monarch"
460,"Electrum Bitcoin Wallet","Edge Wallet"
461,"Electrum Bitcoin Wallet","Opera"
462,"Electrum Bitcoin Wallet","SwirlWallet"
463,"Tenta Browser","Opera"
464,"Tenta Browser","Status"
465,"Tenta Browser","Trust Wallet"
466,"Tenta Browser","MetaMask"
467,"Tenta Browser","Brave Browser"
468,"CoinTiger","Coinbase Pro"
469,"CoinTiger","Cashbackcloud"
470,"CoinTiger","Digifox"
471,"CoinTiger","ZB App"
472,"CoinTiger","MoonPay"
473,"CoinTiger","Coinbase App"
474,"CoinTiger","Ethermium"
475,"CoinTiger","ZBG App"
476,"CoinTiger","Bybit App"
477,"CoinTiger","CryptoView"
478,"Livepeer","CryptoSoccr"
479,"Livepeer","Fishbank"
480,"Livepeer","Gods Unchained"
481,"Livepeer","Uniswap"
482,"Livepeer","0x"
483,"Livepeer","CryptoCities"
484,"Livepeer","MegaCryptoPolis"
485,"Livepeer","EvolutionLand"
486,"Livepeer","LandSecrets"
487,"Livepeer","CryptoRome"
488,"GreenAddress","Coinomi"
489,"GreenAddress","uPort"
490,"GreenAddress","Circle Invest"
491,"GreenAddress","BTC.com Wallet App"
492,"GreenAddress","Jaxx Liberty"
493,"GreenAddress","Opera"
494,"GreenAddress","Coins.ph"
495,"GreenAddress","Ronin Wallet"
496,"GreenAddress","Status"
497,"GreenAddress","Coinbase Wallet"
498,"CryptoSoccr","OAS Chain"
499,"CryptoSoccr","Fishbank"
500,"CryptoSoccr","0xUniverse"
501,"CryptoSoccr","LandSecrets"
502,"CryptoSoccr","Panda Earth"
503,"CryptoSoccr","Sheetcoin"
504,"CryptoSoccr","Ethereum Name Service"
505,"CryptoSoccr","Ethermium"
506,"CryptoSoccr","Etheremon"
507,"CryptoSoccr","CryptoKitties"
508,"Chibi Fighters","Gods Unchained"
509,"Chibi Fighters","Meme Factory"
510,"Chibi Fighters","Ethereum Name Service"
511,"Chibi Fighters","EOS Knights"
512,"Chibi Fighters","Altcoin Fantasy"
513,"Chibi Fighters","MegaCryptoPolis"
514,"Chibi Fighters","CryptoBots"
515,"Chibi Fighters","EvolutionLand"
516,"Chibi Fighters","Etheremon"
517,"Chibi Fighters","RollerCoin"
518,"GP Casino","EOS Knights"
519,"GP Casino","MonsterEOS.io"
520,"GP Casino","Everipedia"
521,"GP Casino","PandaFun"
522,"GP Casino","BC.Game"
523,"GP Casino","1xBit"
524,"GP Casino","XPet"
525,"GP Casino","Wizards.one"
526,"Panda Earth","ETH.TOWN"
527,"Panda Earth","Crypt-Oink"
528,"Panda Earth","SPADESBOOM"
529,"Panda Earth","Alchemy Toys"
530,"Panda Earth","CryptoRome"
531,"Panda Earth","Sheetcoin"
532,"Panda Earth","0x"
533,"Panda Earth","Gods Unchained"
534,"Panda Earth","Ether Kingdoms"
535,"Panda Earth","ETH Birds"
536,"Digital BitBox","KeepKey"
537,"Digital BitBox","Ledger Nano S"
538,"Digital BitBox","TREZOR Model T"
539,"Digital BitBox","TREZOR ONE White"
540,"Digital BitBox","Ledger Blue"
541,"Bitpay Wallet","Coinomi"
542,"Bitpay Wallet","Cash App"
543,"Bitpay Wallet","MyCrypto"
544,"Bitpay Wallet","Binance App"
545,"Bitpay Wallet","BTC.com Wallet App"
546,"Bitpay Wallet","BRD"
547,"Bitpay Wallet","Prodoge"
548,"Bitpay Wallet","Coinbase Wallet"
549,"Bitpay Wallet","Bitamp"
550,"Bitpay Wallet","MyEtherWallet"
551,"Axie Infinity","CryptoBots"
552,"Axie Infinity","Crypt-Oink"
553,"Axie Infinity","Meme Factory"
554,"Axie Infinity","Etheremon"
555,"Axie Infinity","Blockchain Cuties"
556,"Axie Infinity","EOS Knights"
557,"Axie Infinity","BC.Game"
558,"Axie Infinity","Uniswap"
559,"Axie Infinity","Alchemy Toys"
560,"Axie Infinity","CryptoCities"
561,"Abra","Axsonex"
562,"Abra","ZB App"
563,"Abra","Bitbuy App"
564,"Abra","Cashbackcloud"
565,"Abra","Binance App"
566,"Abra","HodlBot"
567,"Abra","CryptoTrader"
568,"Abra","Ethermium"
569,"Abra","WunderTrading"
570,"Abra","MoonPay"
571,"MyCrypto","Yoroi Wallet"
572,"MyCrypto","Prodoge"
573,"MyCrypto","Ronin Wallet"
574,"MyCrypto","Binance App"
575,"MyCrypto","Plark"
576,"MyCrypto","Xapa Wallet"
577,"MyCrypto","Cash App"
578,"MyCrypto","Trust Wallet"
579,"MyCrypto","StakedWallet"
580,"MyCrypto","XDEFI Wallet"
581,"CryptoGirl","Crypt-Oink"
582,"CryptoGirl","CryptoSoccr"
583,"CryptoGirl","Ether Kingdoms"
584,"CryptoGirl","ETH Birds"
585,"CryptoGirl","Decentraland"
586,"CryptoGirl","OAS Chain"
587,"CryptoGirl","HyperDragons"
588,"CryptoGirl","MLB Crypto Baseball"
589,"CryptoGirl","Fomo3D"
590,"CryptoGirl","CryptoBots"
591,"Xapo","Haven"
592,"Xapo","Bitamp"
593,"Xapo","Ronin Wallet"
594,"Xapo","Bitcoin Wallet"
595,"Xapo","Coinbase Wallet"
596,"Xapo","Trust Wallet"
597,"Xapo","Plark"
598,"Xapo","Bitpie"
599,"Xapo","Opera"
600,"Xapo","Cash App"
601,"CryptoTrader","Coygo"
602,"CryptoTrader","ZBG App"
603,"CryptoTrader","Binance App"
604,"CryptoTrader","Cashbackcloud"
605,"CryptoTrader","Quadency"
606,"CryptoTrader","WunderTrading"
607,"CryptoTrader","Robinhood"
608,"CryptoTrader","Algomate Trading Platform"
609,"CryptoTrader","HodlBot"
610,"CryptoTrader","Ethermium"
611,"0xUniverse","ETH.TOWN"
612,"0xUniverse","Crypto Space Commander"
613,"0xUniverse","CryptoBots"
614,"0xUniverse","Etheremon"
615,"0xUniverse","Meme Factory"
616,"0xUniverse","CryptoKitties"
617,"0xUniverse","Apsis Online"
618,"0xUniverse","Gods Unchained"
619,"0xUniverse","LocalCryptos"
620,"0xUniverse","CryptoCities"
621,"ETH.TOWN","Everdragons"
622,"ETH.TOWN","Livepeer"
623,"ETH.TOWN","Alchemy Toys"
624,"ETH.TOWN","BC.Game"
625,"ETH.TOWN","Fishbank"
626,"ETH.TOWN","RollerCoin"
627,"ETH.TOWN","Apsis Online"
628,"ETH.TOWN","SPADESBOOM"
629,"ETH.TOWN","CryptoCities"
630,"ETH.TOWN","Ethermium"
631,"Etheremon","Crypt-Oink"
632,"Etheremon","Crypto Space Commander"
633,"Etheremon","LandSecrets"
634,"Etheremon","CryptoGirl"
635,"Etheremon","Ethereum Name Service"
636,"Etheremon","CryptoCities"
637,"Etheremon","0xUniverse"
638,"Etheremon","Alchemy Toys"
639,"Etheremon","CryptoCrystal"
640,"Etheremon","Chibi Fighters"
641,"Robinhood","eToro"
642,"Robinhood","Binance App"
643,"Robinhood","Coinbase App"
644,"Robinhood","Abra"
645,"Robinhood","ZB App"
646,"Robinhood","Algomate Trading Platform"
647,"Robinhood","Bexplus"
648,"Robinhood","CryptoView"
649,"Robinhood","Quadency"
650,"Robinhood","Coinbase Pro"
651,"Coinbase App","Bitbuy App"
652,"Coinbase App","CryptoTrader"
653,"Coinbase App","CoinTiger"
654,"Coinbase App","Binance App"
655,"Coinbase App","Ethermium"
656,"Coinbase App","Coinbase Pro"
657,"Coinbase App","ZBG App"
658,"Coinbase App","WunderTrading"
659,"Coinbase App","Bybit App"
660,"Coinbase App","Abra"
661,"XFX Radeon RX 580 GTS XXX Edition","Gigabyte GTX 1080Ti 11GB AORUS EXTREME Edition"
662,"XFX Radeon RX 580 GTS XXX Edition","MSI Radeon RX 470 MINER 8G"
663,"XFX Radeon RX 580 GTS XXX Edition","Sapphire Radeon Tri-X R9 290X"
664,"XFX Radeon RX 580 GTS XXX Edition","Gigabyte GeForce GTX 1070 8GB Windforce"
665,"XFX Radeon RX 580 GTS XXX Edition","Nvidia GeForce GTX 1070 Ti Founder’s Edition"
666,"XFX Radeon RX 580 GTS XXX Edition","Nvidia GeForce GTX 970"
667,"XFX Radeon RX 580 GTS XXX Edition","ASUS Mining RX 470 4G Graphics Card"
668,"XFX Radeon RX 580 GTS XXX Edition","Nvidia GeForce GTX 1070 Founders Edition"
669,"XFX Radeon RX 580 GTS XXX Edition","AMD Radeon RX 480"
670,"XFX Radeon RX 580 GTS XXX Edition","Gigabyte GTX 1060 Windforce 3GB"
671,"Innosilicon S11 SiaMaster","Canaan Avalon 821"
672,"Innosilicon S11 SiaMaster","Antminer X3 (220 kH/s)"
673,"Innosilicon S11 SiaMaster","Canaan Avalon 841"
674,"Innosilicon S11 SiaMaster","Antminer Z9"
675,"Innosilicon S11 SiaMaster","Antminer L3+ (504 MH/s)"
676,"Innosilicon S11 SiaMaster","Antminer E3"
677,"Innosilicon S11 SiaMaster","Antminer L3++ (580 MH/s)"
678,"Innosilicon S11 SiaMaster","A5 DashMaster"
679,"Innosilicon S11 SiaMaster","Antminer D3"
680,"Innosilicon S11 SiaMaster","Antminer Z9 mini"
681,"Antminer T9+","Antminer E3"
682,"Antminer T9+","Innosilicon S11 SiaMaster"
683,"Antminer T9+","Antminer Z9"
684,"Antminer T9+","A5 DashMaster"
685,"Antminer T9+","Antminer X3 (220 kH/s)"
686,"Antminer T9+","Antminer S9 (14 TH/s)"
687,"Antminer T9+","Canaan Avalon 821"
688,"Antminer T9+","Antminer L3+ (504 MH/s)"
689,"Antminer T9+","Antminer Z9 mini"
690,"Antminer T9+","Innosilicon A9 ZMaster"
691,"Canaan Avalon 841","Innosilicon S11 SiaMaster"
692,"Canaan Avalon 841","Canaan Avalon 821"
693,"Canaan Avalon 841","Antminer D3"
694,"Canaan Avalon 841","A5 DashMaster"
695,"Canaan Avalon 841","Antminer L3+ (504 MH/s)"
696,"Canaan Avalon 841","Antminer Z9 mini"
697,"Canaan Avalon 841","Antminer Z9"
698,"Canaan Avalon 841","Antminer D3 (19.3 GH/s)"
699,"Canaan Avalon 841","Antminer T9+"
700,"Canaan Avalon 841","Antminer S9 (14 TH/s)"
701,"Canaan Avalon 821","Antminer D3"
702,"Canaan Avalon 821","A5 DashMaster"
703,"Canaan Avalon 821","Innosilicon A9 ZMaster"
704,"Canaan Avalon 821","Antminer S9 (14 TH/s)"
705,"Canaan Avalon 821","Antminer Z9 mini"
706,"Canaan Avalon 821","Antminer L3+ (504 MH/s)"
707,"Canaan Avalon 821","Antminer X3 (220 kH/s)"
708,"Canaan Avalon 821","Antminer L3++ (580 MH/s)"
709,"Canaan Avalon 821","Innosilicon S11 SiaMaster"
710,"Canaan Avalon 821","Antminer E3"
711,"Sapphire Radeon Tri-X R9 290X","Gigabyte GTX 1080Ti 11GB AORUS EXTREME Edition"
712,"Sapphire Radeon Tri-X R9 290X","MSI Radeon RX 470 MINER 8G"
713,"Sapphire Radeon Tri-X R9 290X","Nvidia GeForce GTX 970"
714,"Sapphire Radeon Tri-X R9 290X","XFX Radeon RX 580 GTS XXX Edition"
715,"Sapphire Radeon Tri-X R9 290X","AMD Radeon RX 480"
716,"Sapphire Radeon Tri-X R9 290X","ASUS Mining RX 470 4G Graphics Card"
717,"Sapphire Radeon Tri-X R9 290X","Gigabyte GeForce GTX 1070 8GB Windforce"
718,"Sapphire Radeon Tri-X R9 290X","Nvidia GeForce GTX 1070 Ti Founder’s Edition"
719,"Sapphire Radeon Tri-X R9 290X","Nvidia GeForce GTX 1070 Founders Edition"
720,"Sapphire Radeon Tri-X R9 290X","Gigabyte GTX 1060 Windforce 3GB"
721,"Nvidia GeForce GTX 970","Gigabyte GeForce GTX 1070 8GB Windforce"
722,"Nvidia GeForce GTX 970","AMD Radeon RX 480"
723,"Nvidia GeForce GTX 970","Nvidia GeForce GTX 1070 Founders Edition"
724,"Nvidia GeForce GTX 970","MSI Radeon RX 470 MINER 8G"
725,"Nvidia GeForce GTX 970","Sapphire Radeon Tri-X R9 290X"
726,"Nvidia GeForce GTX 970","Nvidia GeForce GTX 1070 Ti Founder’s Edition"
727,"Nvidia GeForce GTX 970","ASUS Mining RX 470 4G Graphics Card"
728,"Nvidia GeForce GTX 970","Gigabyte GTX 1060 Windforce 3GB"
729,"Nvidia GeForce GTX 970","Gigabyte GTX 1080Ti 11GB AORUS EXTREME Edition"
730,"Nvidia GeForce GTX 970","XFX Radeon RX 580 GTS XXX Edition"
731,"ASUS Mining RX 470 4G Graphics Card","Gigabyte GeForce GTX 1070 8GB Windforce"
732,"ASUS Mining RX 470 4G Graphics Card","AMD Radeon RX 480"
733,"ASUS Mining RX 470 4G Graphics Card","Nvidia GeForce GTX 970"
734,"ASUS Mining RX 470 4G Graphics Card","Nvidia GeForce GTX 1070 Founders Edition"
735,"ASUS Mining RX 470 4G Graphics Card","XFX Radeon RX 580 GTS XXX Edition"
736,"ASUS Mining RX 470 4G Graphics Card","Gigabyte GTX 1080Ti 11GB AORUS EXTREME Edition"
737,"ASUS Mining RX 470 4G Graphics Card","Sapphire Radeon Tri-X R9 290X"
738,"ASUS Mining RX 470 4G Graphics Card","MSI Radeon RX 470 MINER 8G"
739,"ASUS Mining RX 470 4G Graphics Card","Nvidia GeForce GTX 1070 Ti Founder’s Edition"
740,"ASUS Mining RX 470 4G Graphics Card","Gigabyte GTX 1060 Windforce 3GB"
741,"Gigabyte GeForce GTX 1070 8GB Windforce","Gigabyte GTX 1080Ti 11GB AORUS EXTREME Edition"
742,"Gigabyte GeForce GTX 1070 8GB Windforce","MSI Radeon RX 470 MINER 8G"
743,"Gigabyte GeForce GTX 1070 8GB Windforce","XFX Radeon RX 580 GTS XXX Edition"
944,"Antminer X3 (220 kH/s)","Antminer Z9"
744,"Gigabyte GeForce GTX 1070 8GB Windforce","ASUS Mining RX 470 4G Graphics Card"
745,"Gigabyte GeForce GTX 1070 8GB Windforce","Sapphire Radeon Tri-X R9 290X"
746,"Gigabyte GeForce GTX 1070 8GB Windforce","Nvidia GeForce GTX 1070 Founders Edition"
747,"Gigabyte GeForce GTX 1070 8GB Windforce","Nvidia GeForce GTX 1070 Ti Founder’s Edition"
748,"Gigabyte GeForce GTX 1070 8GB Windforce","Nvidia GeForce GTX 970"
749,"Gigabyte GeForce GTX 1070 8GB Windforce","Gigabyte GTX 1060 Windforce 3GB"
750,"Gigabyte GeForce GTX 1070 8GB Windforce","AMD Radeon RX 480"
751,"Peepeth","Fishbank"
752,"Peepeth","Sheetcoin"
753,"Peepeth","CryptoRome"
754,"Peepeth","HyperDragons"
755,"Peepeth","Crypto Space Commander"
756,"Peepeth","Bettergram"
757,"Peepeth","CryptoKitties"
758,"Peepeth","Chibi Fighters"
759,"Peepeth","Meme Factory"
760,"Peepeth","Uniswap"
761,"Bettergram","Vitae.co"
762,"Bettergram","Peepeth"
763,"Bettergram","Haven"
764,"Bettergram","ChainFlix"
765,"Bettergram","Status"
766,"Bettergram","TronChat"
767,"Gigabyte GTX 1060 Windforce 3GB","Nvidia GeForce GTX 970"
768,"Gigabyte GTX 1060 Windforce 3GB","Gigabyte GeForce GTX 1070 8GB Windforce"
769,"Gigabyte GTX 1060 Windforce 3GB","XFX Radeon RX 580 GTS XXX Edition"
770,"Gigabyte GTX 1060 Windforce 3GB","Sapphire Radeon Tri-X R9 290X"
771,"Gigabyte GTX 1060 Windforce 3GB","Gigabyte GTX 1080Ti 11GB AORUS EXTREME Edition"
772,"Gigabyte GTX 1060 Windforce 3GB","MSI Radeon RX 470 MINER 8G"
773,"Gigabyte GTX 1060 Windforce 3GB","AMD Radeon RX 480"
774,"Gigabyte GTX 1060 Windforce 3GB","Nvidia GeForce GTX 1070 Founders Edition"
775,"Gigabyte GTX 1060 Windforce 3GB","ASUS Mining RX 470 4G Graphics Card"
776,"Gigabyte GTX 1060 Windforce 3GB","Nvidia GeForce GTX 1070 Ti Founder’s Edition"
777,"Innosilicon A9 ZMaster","Antminer Z9 mini"
778,"Innosilicon A9 ZMaster","Canaan Avalon 821"
779,"Innosilicon A9 ZMaster","Antminer L3+ (504 MH/s)"
780,"Innosilicon A9 ZMaster","Canaan Avalon 841"
781,"Innosilicon A9 ZMaster","Antminer X3 (220 kH/s)"
782,"Innosilicon A9 ZMaster","Antminer D3 (19.3 GH/s)"
783,"Innosilicon A9 ZMaster","Antminer E3"
784,"Innosilicon A9 ZMaster","Antminer S9 (14 TH/s)"
785,"Innosilicon A9 ZMaster","Antminer Z9"
786,"Innosilicon A9 ZMaster","Antminer D3"
787,"KeepKey","TREZOR Model T"
788,"KeepKey","TREZOR ONE White"
789,"KeepKey","Digital BitBox"
790,"KeepKey","Ledger Blue"
791,"KeepKey","Ledger Nano S"
792,"CryptoBots","Fomo3D"
793,"CryptoBots","ETH Birds"
794,"CryptoBots","LocalCryptos"
795,"CryptoBots","0x"
796,"CryptoBots","Everdragons"
797,"CryptoBots","HyperDragons"
798,"CryptoBots","Decentraland"
799,"CryptoBots","CryptoCities"
800,"CryptoBots","Livepeer"
801,"CryptoBots","Altcoin Fantasy"
802,"Augur","CryptoSoccr"
803,"Augur","CryptoKitties"
804,"Augur","Gods Unchained"
805,"Augur","0x"
806,"Augur","0xUniverse"
807,"Augur","Temporal"
808,"Augur","LocalCryptos"
809,"Augur","Ethermium"
810,"Augur","Minds"
811,"Augur","EvolutionLand"
812,"Antminer D3 (19.3 GH/s)","Innosilicon S11 SiaMaster"
813,"Antminer D3 (19.3 GH/s)","Antminer E3"
814,"Antminer D3 (19.3 GH/s)","Antminer L3+ (504 MH/s)"
815,"Antminer D3 (19.3 GH/s)","Antminer T9+"
816,"Antminer D3 (19.3 GH/s)","Canaan Avalon 821"
817,"Antminer D3 (19.3 GH/s)","Antminer Z9 mini"
818,"Antminer D3 (19.3 GH/s)","Innosilicon A9 ZMaster"
819,"Antminer D3 (19.3 GH/s)","Antminer X3 (220 kH/s)"
820,"Antminer D3 (19.3 GH/s)","A5 DashMaster"
821,"Antminer D3 (19.3 GH/s)","Canaan Avalon 841"
822,"Antminer S9 (14 TH/s)","Innosilicon S11 SiaMaster"
823,"Antminer S9 (14 TH/s)","Antminer L3++ (580 MH/s)"
824,"Antminer S9 (14 TH/s)","Antminer X3 (220 kH/s)"
825,"Antminer S9 (14 TH/s)","Antminer L3+ (504 MH/s)"
826,"Antminer S9 (14 TH/s)","Canaan Avalon 841"
827,"Antminer S9 (14 TH/s)","Canaan Avalon 821"
828,"Antminer S9 (14 TH/s)","Innosilicon A9 ZMaster"
829,"Antminer S9 (14 TH/s)","Antminer D3"
830,"Antminer S9 (14 TH/s)","A5 DashMaster"
831,"Antminer S9 (14 TH/s)","Antminer T9+"
832,"Antminer D3","Canaan Avalon 841"
833,"Antminer D3","Canaan Avalon 821"
834,"Antminer D3","A5 DashMaster"
835,"Antminer D3","Antminer Z9 mini"
836,"Antminer D3","Antminer T9+"
837,"Antminer D3","Antminer X3 (220 kH/s)"
838,"Antminer D3","Antminer L3+ (504 MH/s)"
839,"Antminer D3","Antminer S9 (14 TH/s)"
840,"Antminer D3","Innosilicon A9 ZMaster"
841,"Antminer D3","Antminer E3"
842,"Blockfolio","Ohio Bitcoin"
843,"Blockfolio","Coinpaprika"
844,"Blockfolio","CryptoCompare"
845,"Blockfolio","CoinMarketCap"
846,"Blockfolio","TradingView"
847,"Blockfolio","CoinStats"
848,"Blockfolio","MarketGod Trading"
849,"Blockfolio","Crypto Pro"
850,"Blockfolio","SwissBorg Wealth App"
851,"Blockfolio","Delta"
852,"Nvidia GeForce GTX 1070 Ti Founder’s Edition","Sapphire Radeon Tri-X R9 290X"
853,"Nvidia GeForce GTX 1070 Ti Founder’s Edition","Nvidia GeForce GTX 970"
854,"Nvidia GeForce GTX 1070 Ti Founder’s Edition","XFX Radeon RX 580 GTS XXX Edition"
855,"Nvidia GeForce GTX 1070 Ti Founder’s Edition","Gigabyte GTX 1080Ti 11GB AORUS EXTREME Edition"
856,"Nvidia GeForce GTX 1070 Ti Founder’s Edition","Nvidia GeForce GTX 1070 Founders Edition"
857,"Nvidia GeForce GTX 1070 Ti Founder’s Edition","Gigabyte GeForce GTX 1070 8GB Windforce"
858,"Nvidia GeForce GTX 1070 Ti Founder’s Edition","ASUS Mining RX 470 4G Graphics Card"
859,"Nvidia GeForce GTX 1070 Ti Founder’s Edition","AMD Radeon RX 480"
860,"Nvidia GeForce GTX 1070 Ti Founder’s Edition","Gigabyte GTX 1060 Windforce 3GB"
861,"Nvidia GeForce GTX 1070 Ti Founder’s Edition","MSI Radeon RX 470 MINER 8G"
862,"Nvidia GeForce GTX 1070 Founders Edition","ASUS Mining RX 470 4G Graphics Card"
863,"Nvidia GeForce GTX 1070 Founders Edition","Gigabyte GTX 1080Ti 11GB AORUS EXTREME Edition"
864,"Nvidia GeForce GTX 1070 Founders Edition","Gigabyte GTX 1060 Windforce 3GB"
865,"Nvidia GeForce GTX 1070 Founders Edition","Nvidia GeForce GTX 1070 Ti Founder’s Edition"
866,"Nvidia GeForce GTX 1070 Founders Edition","AMD Radeon RX 480"
867,"Nvidia GeForce GTX 1070 Founders Edition","XFX Radeon RX 580 GTS XXX Edition"
868,"Nvidia GeForce GTX 1070 Founders Edition","MSI Radeon RX 470 MINER 8G"
869,"Nvidia GeForce GTX 1070 Founders Edition","Sapphire Radeon Tri-X R9 290X"
870,"Nvidia GeForce GTX 1070 Founders Edition","Nvidia GeForce GTX 970"
871,"Nvidia GeForce GTX 1070 Founders Edition","Gigabyte GeForce GTX 1070 8GB Windforce"
872,"0x","EvolutionLand"
873,"0x","Meme Factory"
874,"0x","CryptoRome"
875,"0x","MLB Crypto Baseball"
876,"0x","Axie Infinity"
877,"0x","Uniswap"
878,"0x","MakerDAO"
879,"0x","Blockchain Cuties"
880,"0x","LocalCryptos"
881,"0x","CryptoBots"
882,"AMD Radeon RX 480","ASUS Mining RX 470 4G Graphics Card"
883,"AMD Radeon RX 480","Nvidia GeForce GTX 1070 Ti Founder’s Edition"
884,"AMD Radeon RX 480","Nvidia GeForce GTX 1070 Founders Edition"
885,"AMD Radeon RX 480","Gigabyte GTX 1060 Windforce 3GB"
886,"AMD Radeon RX 480","Gigabyte GeForce GTX 1070 8GB Windforce"
887,"AMD Radeon RX 480","MSI Radeon RX 470 MINER 8G"
888,"AMD Radeon RX 480","Sapphire Radeon Tri-X R9 290X"
889,"AMD Radeon RX 480","Nvidia GeForce GTX 970"
890,"AMD Radeon RX 480","Gigabyte GTX 1080Ti 11GB AORUS EXTREME Edition"
891,"AMD Radeon RX 480","XFX Radeon RX 580 GTS XXX Edition"
892,"Altcoin Fantasy","ETH Birds"
893,"Altcoin Fantasy","Gods Unchained"
894,"Altcoin Fantasy","EOS Knights"
895,"Altcoin Fantasy","RollerCoin"
896,"Altcoin Fantasy","MegaCryptoPolis"
897,"Altcoin Fantasy","Apsis Online"
898,"Altcoin Fantasy","Axie Infinity"
899,"Altcoin Fantasy","Blockchain Cuties"
900,"Altcoin Fantasy","Everdragons"
901,"Altcoin Fantasy","CryptoBots"
902,"Gigabyte GTX 1080Ti 11GB AORUS EXTREME Edition","XFX Radeon RX 580 GTS XXX Edition"
903,"Gigabyte GTX 1080Ti 11GB AORUS EXTREME Edition","ASUS Mining RX 470 4G Graphics Card"
904,"Gigabyte GTX 1080Ti 11GB AORUS EXTREME Edition","MSI Radeon RX 470 MINER 8G"
905,"Gigabyte GTX 1080Ti 11GB AORUS EXTREME Edition","Nvidia GeForce GTX 1070 Ti Founder’s Edition"
906,"Gigabyte GTX 1080Ti 11GB AORUS EXTREME Edition","Nvidia GeForce GTX 970"
907,"Gigabyte GTX 1080Ti 11GB AORUS EXTREME Edition","Gigabyte GTX 1060 Windforce 3GB"
908,"Gigabyte GTX 1080Ti 11GB AORUS EXTREME Edition","Gigabyte GeForce GTX 1070 8GB Windforce"
909,"Gigabyte GTX 1080Ti 11GB AORUS EXTREME Edition","Nvidia GeForce GTX 1070 Founders Edition"
910,"Gigabyte GTX 1080Ti 11GB AORUS EXTREME Edition","Sapphire Radeon Tri-X R9 290X"
911,"Gigabyte GTX 1080Ti 11GB AORUS EXTREME Edition","AMD Radeon RX 480"
912,"MSI Radeon RX 470 MINER 8G","Gigabyte GTX 1080Ti 11GB AORUS EXTREME Edition"
913,"MSI Radeon RX 470 MINER 8G","Gigabyte GeForce GTX 1070 8GB Windforce"
914,"MSI Radeon RX 470 MINER 8G","AMD Radeon RX 480"
915,"MSI Radeon RX 470 MINER 8G","XFX Radeon RX 580 GTS XXX Edition"
916,"MSI Radeon RX 470 MINER 8G","Gigabyte GTX 1060 Windforce 3GB"
917,"MSI Radeon RX 470 MINER 8G","ASUS Mining RX 470 4G Graphics Card"
918,"MSI Radeon RX 470 MINER 8G","Nvidia GeForce GTX 970"
919,"MSI Radeon RX 470 MINER 8G","Nvidia GeForce GTX 1070 Ti Founder’s Edition"
920,"MSI Radeon RX 470 MINER 8G","Sapphire Radeon Tri-X R9 290X"
921,"MSI Radeon RX 470 MINER 8G","Nvidia GeForce GTX 1070 Founders Edition"
922,"MyEtherWallet","Coins.ph"
923,"MyEtherWallet","MetaMask"
924,"MyEtherWallet","Electrum Bitcoin Wallet"
925,"MyEtherWallet","Trust Wallet"
926,"MyEtherWallet","Haven"
927,"MyEtherWallet","Edge Wallet"
928,"MyEtherWallet","Cash App"
929,"MyEtherWallet","Plark"
930,"MyEtherWallet","Prodoge"
931,"MyEtherWallet","uPort"
932,"Antminer E3","Antminer X3 (220 kH/s)"
933,"Antminer E3","Antminer T9+"
934,"Antminer E3","Canaan Avalon 821"
935,"Antminer E3","Antminer L3++ (580 MH/s)"
936,"Antminer E3","Canaan Avalon 841"
937,"Antminer E3","Antminer Z9 mini"
938,"Antminer E3","Innosilicon S11 SiaMaster"
939,"Antminer E3","Antminer D3"
940,"Antminer E3","Antminer S9 (14 TH/s)"
941,"Antminer E3","Innosilicon A9 ZMaster"
942,"Antminer X3 (220 kH/s)","A5 DashMaster"
943,"Antminer X3 (220 kH/s)","Antminer L3+ (504 MH/s)"
945,"Antminer X3 (220 kH/s)","Antminer T9+"
946,"Antminer X3 (220 kH/s)","Antminer S9 (14 TH/s)"
947,"Antminer X3 (220 kH/s)","Antminer D3 (19.3 GH/s)"
948,"Antminer X3 (220 kH/s)","Canaan Avalon 821"
949,"Antminer X3 (220 kH/s)","Canaan Avalon 841"
950,"Antminer X3 (220 kH/s)","Innosilicon A9 ZMaster"
951,"Antminer X3 (220 kH/s)","Antminer L3++ (580 MH/s)"
952,"Antminer L3++ (580 MH/s)","Antminer E3"
953,"Antminer L3++ (580 MH/s)","Antminer S9 (14 TH/s)"
954,"Antminer L3++ (580 MH/s)","Antminer T9+"
955,"Antminer L3++ (580 MH/s)","Antminer D3 (19.3 GH/s)"
956,"Antminer L3++ (580 MH/s)","Antminer Z9"
957,"Antminer L3++ (580 MH/s)","Antminer Z9 mini"
958,"Antminer L3++ (580 MH/s)","A5 DashMaster"
959,"Antminer L3++ (580 MH/s)","Innosilicon S11 SiaMaster"
960,"Antminer L3++ (580 MH/s)","Canaan Avalon 821"
961,"Antminer L3++ (580 MH/s)","Antminer D3"
962,"Antminer Z9","Antminer D3"
963,"Antminer Z9","Canaan Avalon 841"
964,"Antminer Z9","Antminer L3+ (504 MH/s)"
965,"Antminer Z9","Innosilicon S11 SiaMaster"
966,"Antminer Z9","Antminer E3"
967,"Antminer Z9","Canaan Avalon 821"
968,"Antminer Z9","Antminer S9 (14 TH/s)"
969,"Antminer Z9","A5 DashMaster"
970,"Antminer Z9","Antminer X3 (220 kH/s)"
971,"Antminer Z9","Antminer D3 (19.3 GH/s)"
972,"Antminer Z9 mini","A5 DashMaster"
973,"Antminer Z9 mini","Innosilicon S11 SiaMaster"
974,"Antminer Z9 mini","Canaan Avalon 821"
975,"Antminer Z9 mini","Antminer L3++ (580 MH/s)"
976,"Antminer Z9 mini","Canaan Avalon 841"
977,"Antminer Z9 mini","Innosilicon A9 ZMaster"
978,"Antminer Z9 mini","Antminer E3"
979,"Antminer Z9 mini","Antminer L3+ (504 MH/s)"
980,"Antminer Z9 mini","Antminer X3 (220 kH/s)"
981,"Antminer Z9 mini","Antminer D3"
982,"HyperDragons","CryptoCrystal"
983,"HyperDragons","Everdragons"
984,"HyperDragons","Uniswap"
985,"HyperDragons","Decentraland"
986,"HyperDragons","Alchemy Toys"
987,"HyperDragons","Crypt-Oink"
988,"HyperDragons","Axie Infinity"
989,"HyperDragons","Fomo3D"
990,"HyperDragons","Temporal"
991,"HyperDragons","Fishbank"
992,"Blockchain Cuties","Decentraland"
993,"Blockchain Cuties","CryptoGirl"
994,"Blockchain Cuties","Alchemy Toys"
995,"Blockchain Cuties","0x"
996,"Blockchain Cuties","Sheetcoin"
997,"Blockchain Cuties","Crypt-Oink"
998,"Blockchain Cuties","CryptoBots"
999,"Blockchain Cuties","Gods Unchained"
1000,"Blockchain Cuties","Panda Earth"
1001,"Blockchain Cuties","ETH Birds"
1002,"Gods Unchained","Crypt-Oink"
1003,"Gods Unchained","Decentraland"
1004,"Gods Unchained","CryptoRome"
1005,"Gods Unchained","CryptoKitties"
1006,"Gods Unchained","LandSecrets"
1007,"Gods Unchained","Fishbank"
1008,"Gods Unchained","CryptoBots"
1009,"Gods Unchained","MakerDAO"
1010,"Gods Unchained","Uniswap"
1011,"Gods Unchained","Ethereum Name Service"
1012,"Fomo3D","Meme Factory"
1013,"Fomo3D","Augur"
1014,"Fomo3D","OAS Chain"
1015,"Fomo3D","CryptoRome"
1016,"Fomo3D","Minds"
1017,"Fomo3D","Ethermium"
1018,"Fomo3D","Peepeth"
1019,"Fomo3D","CryptoCities"
1020,"Fomo3D","MLB Crypto Baseball"
1021,"Fomo3D","LocalCryptos"
1022,"CryptoKitties","BC.Game"
1023,"CryptoKitties","Chibi Fighters"
1024,"CryptoKitties","0x"
1025,"CryptoKitties","Sheetcoin"
1026,"CryptoKitties","CryptoRome"
1027,"CryptoKitties","MegaCryptoPolis"
1028,"CryptoKitties","0xUniverse"
1029,"CryptoKitties","Peepeth"
1030,"CryptoKitties","Apsis Online"
1031,"CryptoKitties","CryptoSoccr"
1032,"A5 DashMaster","Canaan Avalon 841"
1033,"A5 DashMaster","Antminer T9+"
1034,"A5 DashMaster","Antminer D3 (19.3 GH/s)"
1035,"A5 DashMaster","Canaan Avalon 821"
1036,"A5 DashMaster","Antminer L3+ (504 MH/s)"
1037,"A5 DashMaster","Antminer E3"
1038,"A5 DashMaster","Antminer S9 (14 TH/s)"
1039,"A5 DashMaster","Antminer Z9"
1040,"A5 DashMaster","Antminer X3 (220 kH/s)"
1041,"A5 DashMaster","Antminer D3"
1042,"Antminer L3+ (504 MH/s)","Antminer D3"
1043,"Antminer L3+ (504 MH/s)","A5 DashMaster"
1044,"Antminer L3+ (504 MH/s)","Antminer S9 (14 TH/s)"
1045,"Antminer L3+ (504 MH/s)","Canaan Avalon 821"
1046,"Antminer L3+ (504 MH/s)","Antminer Z9 mini"
1047,"Antminer L3+ (504 MH/s)","Innosilicon S11 SiaMaster"
1048,"Antminer L3+ (504 MH/s)","Canaan Avalon 841"
1049,"Antminer L3+ (504 MH/s)","Antminer X3 (220 kH/s)"
1050,"Antminer L3+ (504 MH/s)","Antminer Z9"
1051,"Antminer L3+ (504 MH/s)","Antminer E3"
1052,"TREZOR Model T","Ledger Blue"
1053,"TREZOR Model T","Ledger Nano S"
1054,"TREZOR Model T","KeepKey"
1055,"TREZOR Model T","TREZOR ONE White"
1056,"TREZOR Model T","Digital BitBox"
1057,"Axsonex","HodlBot"
1058,"Axsonex","CoinTiger"
1059,"Axsonex","CryptoTrader"
1060,"Axsonex","WunderTrading"
1061,"Axsonex","Coinbase App"
1062,"Axsonex","Coygo"
1063,"Axsonex","Bitbuy App"
1064,"Axsonex","SwissBorg Wealth App"
1065,"Axsonex","Algomate Trading Platform"
1066,"Axsonex","ZB App"
1067,"MegaCryptoPolis","Crypto Space Commander"
1068,"MegaCryptoPolis","OAS Chain"
1069,"MegaCryptoPolis","Augur"
1070,"MegaCryptoPolis","HyperDragons"
1071,"MegaCryptoPolis","Chibi Fighters"
1072,"MegaCryptoPolis","Meme Factory"
1073,"MegaCryptoPolis","MLB Crypto Baseball"
1074,"MegaCryptoPolis","Sheetcoin"
1075,"MegaCryptoPolis","Everdragons"
1076,"MegaCryptoPolis","MakerDAO"
1077,"ETH Birds","CryptoBots"
1078,"ETH Birds","LocalCryptos"
1079,"ETH Birds","Sheetcoin"
1080,"ETH Birds","Everdragons"
1081,"ETH Birds","Chibi Fighters"
1082,"ETH Birds","Peepeth"
1083,"ETH Birds","EOS Knights"
1084,"ETH Birds","SPADESBOOM"
1085,"ETH Birds","CryptoRome"
1086,"ETH Birds","MegaCryptoPolis"
1087,"Ethereum Name Service","Decentraland"
1088,"Ethereum Name Service","0xUniverse"
1089,"Ethereum Name Service","Ethermium"
1090,"Ethereum Name Service","Minds"
1091,"Ethereum Name Service","Panda Earth"
1092,"Ethereum Name Service","Ether Kingdoms"
1093,"Ethereum Name Service","HyperDragons"
1094,"Ethereum Name Service","ETH Birds"
1095,"Ethereum Name Service","Etheremon"
1096,"Ethereum Name Service","Fomo3D"
1097,"Steemit","NBA Topshots"
1098,"Steemit","1xBit"
1099,"Steemit","UFC Strike"
1100,"Steemit","ChainFlix"
1101,"Wizards.one","GP Casino"
1102,"Wizards.one","HyperDragons"
1103,"Wizards.one","Crypto Space Commander"
1104,"Wizards.one","MonsterEOS.io"
1105,"Wizards.one","Crypt-Oink"
1106,"Wizards.one","LandSecrets"
1107,"Wizards.one","Etheremon"
1108,"Wizards.one","Everipedia"
1109,"Wizards.one","BC.Game"
1110,"Wizards.one","Axie Infinity"
1111,"ZBG App","Circle Invest"
1112,"ZBG App","Quadency"
1113,"ZBG App","Cashbackcloud"
1114,"ZBG App","HodlBot"
1115,"ZBG App","Amplify Brokerage"
1116,"ZBG App","Bitbuy App"
1117,"ZBG App","Coinbase Pro"
1118,"ZBG App","Ethermium"
1119,"ZBG App","CryptoView"
1120,"ZBG App","Bexplus"
1121,"Omise","Edge Wallet"
1122,"Omise","Bitamp"
1123,"Omise","Bitcoin Wallet"
1124,"Omise","uPort"
1125,"Omise","GreenAddress"
1126,"Omise","MyEtherWallet"
1127,"Omise","BRD"
1128,"Omise","Circle Invest"
1129,"Omise","Trust Wallet"
1130,"Omise","Ronin Wallet"
1131,"MarketGod Trading","Ohio Bitcoin"
1132,"MarketGod Trading","CoinStats"
1133,"MarketGod Trading","TradingView"
1134,"MarketGod Trading","SwissBorg Wealth App"
1135,"MarketGod Trading","Delta"
1136,"MarketGod Trading","CryptoCompare"
1137,"MarketGod Trading","Blockfolio"
1138,"MarketGod Trading","CoinMarketCap"
1139,"MarketGod Trading","Coinpaprika"
1140,"MarketGod Trading","Crypto Pro"
1141,"CryptoCompare","SwissBorg Wealth App"
1142,"CryptoCompare","TradingView"
1143,"CryptoCompare","MarketGod Trading"
1144,"CryptoCompare","Delta"
1145,"CryptoCompare","Coinpaprika"
1146,"CryptoCompare","CoinStats"
1147,"CryptoCompare","CoinMarketCap"
1148,"CryptoCompare","Crypto Pro"
1149,"CryptoCompare","Ohio Bitcoin"
1150,"CryptoCompare","Blockfolio"
1151,"Coinomi","Blockchain Wallet"
1152,"Coinomi","Prodoge"
1153,"Coinomi","MyCrypto"
1154,"Coinomi","BTC.com Wallet App"
1155,"Coinomi","CitoWise"
1156,"Coinomi","Bitcoin Wallet"
1157,"Coinomi","Monarch"
1158,"Coinomi","Jaxx Liberty"
1159,"Coinomi","Bitamp"
1160,"Coinomi","Circle Invest"
1161,"ZB App","ZBG App"
1162,"ZB App","HodlBot"
1163,"ZB App","Binance App"
1164,"ZB App","Digifox"
1165,"ZB App","MoonPay"
1166,"ZB App","SwissBorg Wealth App"
1167,"ZB App","Coinbase App"
1168,"ZB App","Coygo"
1169,"ZB App","Axsonex"
1170,"ZB App","Amplify Brokerage"
1171,"HodlBot","SwissBorg Wealth App"
1172,"HodlBot","Algomate Trading Platform"
1173,"HodlBot","Bybit App"
1174,"HodlBot","Quadency"
1175,"HodlBot","Axsonex"
1176,"HodlBot","Cashbackcloud"
1177,"HodlBot","ZBG App"
1178,"HodlBot","Coinbase Pro"
1179,"HodlBot","MoonPay"
1180,"HodlBot","Binance App"
1181,"LocalCryptos","Peepeth"
1182,"LocalCryptos","Etheremon"
1183,"LocalCryptos","EvolutionLand"
1184,"LocalCryptos","CryptoSoccr"
1185,"LocalCryptos","Decentraland"
1186,"LocalCryptos","CryptoRome"
1187,"LocalCryptos","CryptoKitties"
1188,"LocalCryptos","Axie Infinity"
1189,"LocalCryptos","Blockchain Cuties"
1190,"LocalCryptos","Ether Kingdoms"
1191,"StakedWallet","Bitpie"
1192,"StakedWallet","Coins.ph"
1193,"StakedWallet","Coinbase Wallet"
1194,"StakedWallet","MyEtherWallet"
1195,"StakedWallet","Opera"
1196,"StakedWallet","Haven"
1197,"StakedWallet","Edge Wallet"
1198,"StakedWallet","OWNR Wallet"
1199,"StakedWallet","uPort"
1200,"StakedWallet","Ronin Wallet"
1201,"Jaxx Liberty","Haven"
1202,"Jaxx Liberty","Digifox"
1203,"Jaxx Liberty","Xapa Wallet"
1204,"Jaxx Liberty","BRD"
1205,"Jaxx Liberty","MyCrypto"
1206,"Jaxx Liberty","Ronin Wallet"
1207,"Jaxx Liberty","OWNR Wallet"
1208,"Jaxx Liberty","Bitcoin Wallet"
1209,"Jaxx Liberty","MetaMask"
1210,"Jaxx Liberty","GreenAddress"
1211,"AnkerPay","Cash App"
1212,"AnkerPay","Bitpie"
1213,"AnkerPay","OWNR Wallet"
1214,"AnkerPay","Yoroi Wallet"
1215,"AnkerPay","Edge Wallet"
1216,"AnkerPay","Binance App"
1217,"AnkerPay","Prodoge"
1218,"AnkerPay","Bitamp"
1219,"AnkerPay","Bitpay Wallet"
1220,"AnkerPay","Plark"
1221,"CoinMarketCap","Blockfolio"
1222,"CoinMarketCap","TradingView"
1223,"CoinMarketCap","Ohio Bitcoin"
1224,"CoinMarketCap","SwissBorg Wealth App"
1225,"CoinMarketCap","MarketGod Trading"
1226,"CoinMarketCap","CoinStats"
1227,"CoinMarketCap","Coinpaprika"
1228,"CoinMarketCap","Crypto Pro"
1229,"CoinMarketCap","Delta"
1230,"CoinMarketCap","CryptoCompare"
1231,"Vitae.co","Haven"
1232,"Vitae.co","ChainFlix"
1233,"Vitae.co","TronChat"
1234,"Vitae.co","Peepeth"
1235,"Vitae.co","Bettergram"
1236,"Vitae.co","Status"
1237,"Blockchain Wallet","Bitamp"
1238,"Blockchain Wallet","Yoroi Wallet"
1239,"Blockchain Wallet","MyCrypto"
1240,"Blockchain Wallet","MyEtherWallet"
1241,"Blockchain Wallet","Cash App"
1242,"Blockchain Wallet","Ronin Wallet"
1243,"Blockchain Wallet","Circle Invest"
1244,"Blockchain Wallet","Plark"
1245,"Blockchain Wallet","OWNR Wallet"
1246,"Blockchain Wallet","uPort"
1247,"Ledger Nano S","Ledger Blue"
1248,"Ledger Nano S","Digital BitBox"
1249,"Ledger Nano S","KeepKey"
1250,"Ledger Nano S","TREZOR Model T"
1251,"Ledger Nano S","TREZOR ONE White"
1252,"Plark","Bitpay Wallet"
1253,"Plark","Yoroi Wallet"
1254,"Plark","Electrum Bitcoin Wallet"
1255,"Plark","OWNR Wallet"
1256,"Plark","Exodus"
1257,"Plark","BTC.com Wallet App"
1258,"Plark","Coins.ph"
1259,"Plark","GreenAddress"
1260,"Plark","Enjin Wallet"
1261,"Plark","Edge Wallet"
1262,"Coinpaprika","Ohio Bitcoin"
1263,"Coinpaprika","Blockfolio"
1264,"Coinpaprika","CryptoCompare"
1265,"Coinpaprika","MarketGod Trading"
1266,"Coinpaprika","CoinStats"
1267,"Coinpaprika","SwissBorg Wealth App"
1268,"Coinpaprika","TradingView"
1269,"Coinpaprika","CoinMarketCap"
1270,"Coinpaprika","Delta"
1271,"Coinpaprika","Crypto Pro"
1272,"MakerDAO","Crypt-Oink"
1273,"MakerDAO","Livepeer"
1274,"MakerDAO","Peepeth"
1275,"MakerDAO","Decentraland"
1276,"MakerDAO","LandSecrets"
1277,"MakerDAO","0xUniverse"
1278,"MakerDAO","ETH Birds"
1279,"MakerDAO","ETH.TOWN"
1280,"MakerDAO","Sheetcoin"
1281,"MakerDAO","Fishbank"
1282,"Opera","Xapa Wallet"
1283,"Opera","OWNR Wallet"
1284,"Opera","CitoWise"
1285,"Opera","Trust Wallet"
1286,"Opera","Haven"
1287,"Opera","Circle Invest"
1288,"Opera","Binance App"
1289,"Opera","Yoroi Wallet"
1290,"Opera","Digifox"
1291,"Opera","Coinbase Wallet"
1292,"TradingView","Ohio Bitcoin"
1293,"TradingView","SwissBorg Wealth App"
1294,"TradingView","CryptoCompare"
1295,"TradingView","Coinpaprika"
1296,"TradingView","Delta"
1297,"TradingView","Crypto Pro"
1298,"TradingView","CoinStats"
1299,"TradingView","Blockfolio"
1300,"TradingView","MarketGod Trading"
1301,"TradingView","CoinMarketCap"
1302,"Bitamp","Bitpie"
1303,"Bitamp","Circle Invest"
1304,"Bitamp","Monarch"
1305,"Bitamp","Jaxx Liberty"
1306,"Bitamp","CitoWise"
1307,"Bitamp","Coinomi"
1308,"Bitamp","Opera"
1309,"Bitamp","Xapa Wallet"
1310,"Bitamp","Plark"
1311,"Bitamp","BTC.com Wallet App"
1312,"ChainFlix","Peepeth"
1313,"ChainFlix","1xBit"
1314,"ChainFlix","Haven"
1315,"ChainFlix","Bettergram"
1316,"ChainFlix","Steemit"
1317,"ChainFlix","Status"
1318,"ChainFlix","UFC Strike"
1319,"ChainFlix","Vitae.co"
1320,"ChainFlix","TronChat"
1321,"ChainFlix","NBA Topshots"
1322,"CryptoView","ZBG App"
1323,"CryptoView","Bitbuy App"
1324,"CryptoView","Ethermium"
1325,"CryptoView","MoonPay"
1326,"CryptoView","Amplify Brokerage"
1327,"CryptoView","HodlBot"
1328,"CryptoView","Coinbase App"
1329,"CryptoView","Cashbackcloud"
1330,"CryptoView","Coinbase Pro"
1331,"CryptoView","Binance App"
1332,"SPADESBOOM","Alchemy Toys"
1333,"SPADESBOOM","BC.Game"
1334,"SPADESBOOM","Fomo3D"
1335,"SPADESBOOM","ETH.TOWN"
1336,"SPADESBOOM","Everdragons"
1337,"SPADESBOOM","Chibi Fighters"
1338,"SPADESBOOM","LandSecrets"
1339,"SPADESBOOM","0xUniverse"
1340,"SPADESBOOM","Axie Infinity"
1341,"SPADESBOOM","Blockchain Cuties"
1342,"1xBit","XPet"
1343,"1xBit","PandaFun"
1344,"1xBit","Wizards.one"
1345,"1xBit","GP Casino"
1346,"1xBit","Everipedia"
1347,"1xBit","MonsterEOS.io"
1348,"1xBit","EOS Knights"
1349,"1xBit","ChainFlix"
1350,"1xBit","Steemit"
1351,"1xBit","BC.Game"
1352,"SwissBorg Wealth App","Crypto Pro"
1353,"SwissBorg Wealth App","Bybit App"
1354,"SwissBorg Wealth App","MoonPay"
1355,"SwissBorg Wealth App","Cashbackcloud"
1356,"SwissBorg Wealth App","CryptoCompare"
1357,"SwissBorg Wealth App","Coinbase Pro"
1358,"SwissBorg Wealth App","Digifox"
1359,"SwissBorg Wealth App","WunderTrading"
1360,"SwissBorg Wealth App","HodlBot"
1361,"SwissBorg Wealth App","Delta"
1362,"Coins.ph","MyEtherWallet"
1363,"Coins.ph","Xapo"
1364,"Coins.ph","Daedalus"
1365,"Coins.ph","Omise"
1366,"Coins.ph","AnkerPay"
1367,"Coins.ph","Binance App"
1368,"Coins.ph","StakedWallet"
1369,"Coins.ph","Opera"
1370,"Coins.ph","MetaMask"
1371,"Coins.ph","Monarch"
1372,"Bitcoin Wallet","Status"
1373,"Bitcoin Wallet","CitoWise"
1374,"Bitcoin Wallet","Blockchain Wallet"
1375,"Bitcoin Wallet","Coinbase Wallet"
1376,"Bitcoin Wallet","Prodoge"
1377,"Bitcoin Wallet","Opera"
1378,"Bitcoin Wallet","Circle Invest"
1379,"Bitcoin Wallet","MyEtherWallet"
1380,"Bitcoin Wallet","Monarch"
1381,"Bitcoin Wallet","GreenAddress"
1382,"Monarch","Blockchain Wallet"
1383,"Monarch","MetaMask"
1384,"Monarch","Plark"
1385,"Monarch","Bitpay Wallet"
1386,"Monarch","Daedalus"
1387,"Monarch","Cash App"
1388,"Monarch","Xapa Wallet"
1389,"Monarch","CitoWise"
1390,"Monarch","XDEFI Wallet"
1391,"Monarch","Bitpie"
1392,"Xapa Wallet","GreenAddress"
1393,"Xapa Wallet","Binance App"
1394,"Xapa Wallet","Bitpay Wallet"
1395,"Xapa Wallet","BTC.com Wallet App"
1396,"Xapa Wallet","BRD"
1397,"Xapa Wallet","Yoroi Wallet"
1398,"Xapa Wallet","Edge Wallet"
1399,"Xapa Wallet","Daedalus"
1400,"Xapa Wallet","Enjin Wallet"
1401,"Xapa Wallet","uPort"
1402,"Status","Bitpie"
1403,"Status","Opera"
1404,"Status","Jaxx Liberty"
1405,"Status","Bitamp"
1406,"Status","Coins.ph"
1407,"Status","Coinomi"
1408,"Status","Omise"
1409,"Status","MyCrypto"
1410,"Status","Digifox"
1411,"Status","Haven"
1412,"Enjin Wallet","Ronin Wallet"
1413,"Enjin Wallet","Digifox"
1414,"Enjin Wallet","Daedalus"
1415,"Enjin Wallet","Prodoge"
1416,"Enjin Wallet","StakedWallet"
1417,"Enjin Wallet","Bitpay Wallet"
1418,"Enjin Wallet","Xapa Wallet"
1419,"Enjin Wallet","MetaMask"
1420,"Enjin Wallet","Jaxx Liberty"
1421,"Enjin Wallet","MyEtherWallet"
1422,"CitoWise","Edge Wallet"
1423,"CitoWise","BRD"
1424,"CitoWise","Ronin Wallet"
1425,"CitoWise","Omise"
1426,"CitoWise","Yoroi Wallet"
1427,"CitoWise","uPort"
1428,"CitoWise","Daedalus"
1429,"CitoWise","MyEtherWallet"
1430,"CitoWise","Exodus"
1431,"CitoWise","BTC.com Wallet App"
1432,"Coinbase Wallet","Exodus"
1433,"Coinbase Wallet","Xapo"
1434,"Coinbase Wallet","Trust Wallet"
1435,"Coinbase Wallet","Blockchain Wallet"
1436,"Coinbase Wallet","BTC.com Wallet App"
1437,"Coinbase Wallet","Prodoge"
1438,"Coinbase Wallet","Daedalus"
1439,"Coinbase Wallet","Bitamp"
1440,"Coinbase Wallet","AnkerPay"
1441,"Coinbase Wallet","Haven"
1442,"Edge Wallet","Yoroi Wallet"
1443,"Edge Wallet","Xapa Wallet"
1444,"Edge Wallet","BTC.com Wallet App"
1445,"Edge Wallet","Blockchain Wallet"
1446,"Edge Wallet","Cash App"
1447,"Edge Wallet","Daedalus"
1448,"Edge Wallet","MetaMask"
1449,"Edge Wallet","Binance App"
1450,"Edge Wallet","Ronin Wallet"
1451,"Edge Wallet","Circle Invest"
1452,"Uniswap","CryptoRome"
1453,"Uniswap","Temporal"
1454,"Uniswap","Augur"
1455,"Uniswap","CryptoBots"
1456,"Uniswap","Fomo3D"
1457,"Uniswap","LocalCryptos"
1458,"Uniswap","Panda Earth"
1459,"Uniswap","OAS Chain"
1460,"Uniswap","CryptoSoccr"
1461,"Uniswap","Sheetcoin"
1462,"DragonGlass","Etherscan"
1463,"DragonGlass","Seiza"
1464,"DragonGlass","Blockchain Explorer"
1465,"SwirlWallet","MyEtherWallet"
1466,"SwirlWallet","Opera"
1467,"SwirlWallet","XDEFI Wallet"
1468,"SwirlWallet","GreenAddress"
1469,"SwirlWallet","Bitpay Wallet"
1470,"SwirlWallet","Trust Wallet"
1471,"SwirlWallet","BRD"
1472,"SwirlWallet","Coinomi"
1473,"SwirlWallet","Circle Invest"
1474,"SwirlWallet","Blockchain Wallet"
1475,"Alchemy Toys","ETH Birds"
1476,"Alchemy Toys","CryptoCities"
1477,"Alchemy Toys","RollerCoin"
1478,"Alchemy Toys","Panda Earth"
1479,"Alchemy Toys","Altcoin Fantasy"
1480,"Alchemy Toys","CryptoBots"
1481,"Alchemy Toys","Fishbank"
1482,"Alchemy Toys","Everdragons"
1483,"Alchemy Toys","Apsis Online"
1484,"Alchemy Toys","HyperDragons"
1485,"Bitbuy App","Amplify Brokerage"
1486,"Bitbuy App","WunderTrading"
1487,"Bitbuy App","eToro"
1488,"Bitbuy App","CryptoView"
1489,"Bitbuy App","Axsonex"
1490,"Bitbuy App","Bexplus"
1491,"Bitbuy App","Algomate Trading Platform"
1492,"Bitbuy App","Bybit App"
1493,"Bitbuy App","Circle Invest"
1494,"Bitbuy App","ZB App"
1495,"Digifox","MyEtherWallet"
1496,"Digifox","Haven"
1497,"Digifox","Xapo"
1498,"Digifox","uPort"
1499,"Digifox","ZBG App"
1500,"Digifox","Abra"
1501,"Digifox","Ronin Wallet"
1502,"Digifox","Ethermium"
1503,"Digifox","Bitpie"
1504,"Digifox","Amplify Brokerage"
1505,"eToro","Amplify Brokerage"
1506,"eToro","Bexplus"
1507,"eToro","WunderTrading"
1508,"eToro","Circle Invest"
1509,"eToro","Quadency"
1510,"eToro","ZB App"
1511,"eToro","CryptoView"
1512,"eToro","Coinbase App"
1513,"eToro","Algomate Trading Platform"
1514,"eToro","Bybit App"
1515,"Bybit App","Axsonex"
1516,"Bybit App","CoinTiger"
1517,"Bybit App","Bexplus"
1518,"Bybit App","CryptoView"
1519,"Bybit App","ZB App"
1520,"Bybit App","Algomate Trading Platform"
1521,"Bybit App","Ethermium"
1522,"Bybit App","WunderTrading"
1523,"Bybit App","Coinbase App"
1524,"Bybit App","MoonPay"
1525,"Ledger Blue","Ledger Nano S"
1526,"Ledger Blue","TREZOR Model T"
1527,"Ledger Blue","KeepKey"
1528,"Ledger Blue","Digital BitBox"
1529,"Ledger Blue","TREZOR ONE White"
1530,"Exodus","MyEtherWallet"
1531,"Exodus","StakedWallet"
1532,"Exodus","SwirlWallet"
1533,"Exodus","Enjin Wallet"
1534,"Exodus","XDEFI Wallet"
1535,"Exodus","Circle Invest"
1536,"Exodus","Ronin Wallet"
1537,"Exodus","Trust Wallet"
1538,"Exodus","Yoroi Wallet"
1539,"Exodus","MetaMask"
1540,"Binance App","Coins.ph"
1541,"Binance App","Plark"
1542,"Binance App","Coygo"
1543,"Binance App","Xapo"
1544,"Binance App","Status"
1545,"Binance App","XDEFI Wallet"
1546,"Binance App","HodlBot"
1547,"Binance App","Enjin Wallet"
1548,"Binance App","Coinbase Wallet"
1549,"Binance App","Ethermium"
1550,"Trust Wallet","Xapa Wallet"
1551,"Trust Wallet","MetaMask"
1552,"Trust Wallet","Prodoge"
1553,"Trust Wallet","Omise"
1554,"Trust Wallet","Enjin Wallet"
1555,"Trust Wallet","XDEFI Wallet"
1556,"Trust Wallet","uPort"
1557,"Trust Wallet","SwirlWallet"
1558,"Trust Wallet","Plark"
1559,"Trust Wallet","Circle Invest"
1560,"Apsis Online","Crypt-Oink"
1561,"Apsis Online","CryptoKitties"
1562,"Apsis Online","Etheremon"
1563,"Apsis Online","Fomo3D"
1564,"Apsis Online","Wizards.one"
1565,"Apsis Online","SPADESBOOM"
1566,"Apsis Online","Blockchain Cuties"
1567,"Apsis Online","Altcoin Fantasy"
1568,"Apsis Online","Crypto Space Commander"
1569,"Apsis Online","Panda Earth"
1570,"WunderTrading","Cashbackcloud"
1571,"WunderTrading","Circle Invest"
1572,"WunderTrading","ZB App"
1573,"WunderTrading","CryptoView"
1574,"WunderTrading","SwissBorg Wealth App"
1575,"WunderTrading","Coinbase Pro"
1576,"WunderTrading","Binance App"
1577,"WunderTrading","Digifox"
1578,"WunderTrading","Abra"
1579,"WunderTrading","Amplify Brokerage"
1580,"Coinbase Pro","Bexplus"
1581,"Coinbase Pro","CryptoView"
1582,"Coinbase Pro","Digifox"
1583,"Coinbase Pro","Robinhood"
1584,"Coinbase Pro","Algomate Trading Platform"
1585,"Coinbase Pro","Abra"
1586,"Coinbase Pro","Axsonex"
1587,"Coinbase Pro","ZBG App"
1588,"Coinbase Pro","Bybit App"
1589,"Coinbase Pro","Circle Invest"
1590,"MetaMask","CitoWise"
1591,"MetaMask","Jaxx Liberty"
1592,"MetaMask","Yoroi Wallet"
1593,"MetaMask","Trust Wallet"
1594,"MetaMask","Blockchain Wallet"
1595,"MetaMask","Coinomi"
1596,"MetaMask","Edge Wallet"
1597,"MetaMask","GreenAddress"
1598,"MetaMask","Plark"
1599,"MetaMask","Electrum Bitcoin Wallet"
1600,"Ronin Wallet","XDEFI Wallet"
1601,"Ronin Wallet","CitoWise"
1602,"Ronin Wallet","Daedalus"
1603,"Ronin Wallet","Yoroi Wallet"
1604,"Ronin Wallet","Edge Wallet"
1605,"Ronin Wallet","Cash App"
1606,"Ronin Wallet","Coinomi"
1607,"Ronin Wallet","SwirlWallet"
1608,"Ronin Wallet","Coins.ph"
1609,"Ronin Wallet","Electrum Bitcoin Wallet"
1610,"XDEFI Wallet","Enjin Wallet"
1611,"XDEFI Wallet","Plark"
1612,"XDEFI Wallet","Exodus"
1613,"XDEFI Wallet","Edge Wallet"
1614,"XDEFI Wallet","Daedalus"
1615,"XDEFI Wallet","Circle Invest"
1616,"XDEFI Wallet","BTC.com Wallet App"
1617,"XDEFI Wallet","Yoroi Wallet"
1618,"XDEFI Wallet","Opera"
1619,"XDEFI Wallet","Bitamp"
1620,"MoonPay","Circle Invest"
1621,"MoonPay","ZB App"
1622,"MoonPay","Quadency"
1623,"MoonPay","Cashbackcloud"
1624,"MoonPay","CryptoTrader"
1625,"MoonPay","Bexplus"
1626,"MoonPay","Coinbase Pro"
1627,"MoonPay","Binance App"
1628,"MoonPay","Amplify Brokerage"
1629,"MoonPay","HodlBot"
1630,"NBA Topshots","1xBit"
1631,"NBA Topshots","ChainFlix"
1632,"NBA Topshots","Steemit"
1633,"NBA Topshots","UFC Strike"
1634,"UFC Strike","1xBit"
1635,"UFC Strike","NBA Topshots"
1636,"UFC Strike","Steemit"
1637,"UFC Strike","ChainFlix"
