"id","product_name","category"
1,"Delta","Price Tracker"
2,"CoinStats","Price Tracker"
3,"TREZOR ONE White","Hard Wallet"
4,"Coygo","Trading App"
5,"Amplify Brokerage","Trading App"
6,"Ohio Bitcoin","Price Tracker"
7,"Blockchain Explorer","Blockchain Explorer"
8,"Etherscan","Blockchain Explorer"
9,"Tangata Manu","Developer Tool"
10,"Seiza","Blockchain Explorer"
11,"Sheetcoin","Ethereum DApp"
12,"RollerCoin","Game"
13,"Bitpie","Wallet"
14,"Bexplus","Trading App"
15,"Temporal","Ethereum DApp"
16,"Prodoge","Wallet"
17,"OAS Chain","Ethereum DApp"
18,"Haven","Wallet"
19,"Haven","Communication"
20,"Crypto Pro","Price Tracker"
21,"Algomate Trading Platform","Trading App"
22,"BC.Game","Game"
23,"BC.Game","EOS DApp"
24,"Meme Factory","Ethereum DApp"
25,"Yoroi Wallet","Wallet"
26,"Daedalus","Wallet"
27,"Quadency","Trading App"
28,"Cashbackcloud","Trading App"
29,"XPet","EOS DApp"
30,"MonsterEOS.io","EOS DApp"
31,"Ether Kingdoms","Ethereum DApp"
32,"PandaFun","EOS DApp"
33,"EvolutionLand","Ethereum DApp"
34,"Cash App","Wallet"
35,"Ethermium","Trading App"
36,"Ethermium","Ethereum DApp"
37,"Fishbank","Game"
38,"Fishbank","Ethereum DApp"
39,"CryptoRome","Game"
40,"CryptoRome","Ethereum DApp"
41,"BTC.com Wallet App","Wallet"
42,"Circle Invest","Wallet"
43,"Circle Invest","Trading App"
44,"Crypt-Oink","Game"
45,"Crypt-Oink","Ethereum DApp"
46,"Everipedia","EOS DApp"
47,"EOS Knights","Game"
48,"EOS Knights","EOS DApp"
49,"TronChat","Tron DApp"
50,"TronChat","Communication"
51,"uPort","Wallet"
52,"Crypto Space Commander","Game"
53,"Crypto Space Commander","Ethereum DApp"
54,"MLB Crypto Baseball","Ethereum DApp"
55,"CryptoCrystal","Game"
56,"Minds","Ethereum DApp"
57,"CryptoCities","Game"
58,"CryptoCities","Ethereum DApp"
59,"Everdragons","Game"
60,"Everdragons","Ethereum DApp"
61,"Decentraland","Ethereum DApp"
62,"BRD","Wallet"
63,"LandSecrets","Game"
64,"LandSecrets","Ethereum DApp"
65,"Electrum Bitcoin Wallet","Wallet"
66,"Tenta Browser","DApp Browser"
67,"CoinTiger","Trading App"
68,"Livepeer","Ethereum DApp"
69,"GreenAddress","Wallet"
70,"CryptoSoccr","Ethereum DApp"
71,"Chibi Fighters","Game"
72,"Chibi Fighters","Ethereum DApp"
73,"GP Casino","EOS DApp"
74,"Panda Earth","Game"
75,"Panda Earth","Ethereum DApp"
76,"Digital BitBox","Hard Wallet"
77,"Bitpay Wallet","Wallet"
78,"Axie Infinity","Game"
79,"Axie Infinity","Ethereum DApp"
80,"Abra","Trading App"
81,"MyCrypto","Wallet"
82,"CryptoGirl","Game"
83,"CryptoGirl","Ethereum DApp"
84,"Xapo","Wallet"
85,"CryptoTrader","Trading App"
86,"0xUniverse","Game"
87,"0xUniverse","Ethereum DApp"
88,"ETH.TOWN","Game"
89,"ETH.TOWN","Ethereum DApp"
90,"Etheremon","Game"
91,"Etheremon","Ethereum DApp"
92,"Robinhood","Trading App"
93,"Coinbase App","Trading App"
94,"XFX Radeon RX 580 GTS XXX Edition","Mining Card"
95,"Innosilicon S11 SiaMaster","ASIC Miner"
96,"Antminer T9+","ASIC Miner"
97,"Canaan Avalon 841","ASIC Miner"
98,"Canaan Avalon 821","ASIC Miner"
99,"Sapphire Radeon Tri-X R9 290X","Mining Card"
100,"Nvidia GeForce GTX 970","Mining Card"
101,"ASUS Mining RX 470 4G Graphics Card","Mining Card"
102,"Gigabyte GeForce GTX 1070 8GB Windforce","Mining Card"
103,"Peepeth","Ethereum DApp"
104,"Peepeth","Communication"
105,"Bettergram","Communication"
106,"Gigabyte GTX 1060 Windforce 3GB","Mining Card"
107,"Innosilicon A9 ZMaster","ASIC Miner"
108,"KeepKey","Hard Wallet"
109,"CryptoBots","Game"
110,"CryptoBots","Ethereum DApp"
111,"Augur","Ethereum DApp"
112,"Antminer D3 (19.3 GH/s)","ASIC Miner"
113,"Antminer S9 (14 TH/s)","ASIC Miner"
114,"Antminer D3","ASIC Miner"
115,"Blockfolio","Price Tracker"
116,"Nvidia GeForce GTX 1070 Ti Founderâ€™s Edition","Mining Card"
117,"Nvidia GeForce GTX 1070 Founders Edition","Mining Card"
118,"0x","Ethereum DApp"
119,"AMD Radeon RX 480","Mining Card"
120,"Altcoin Fantasy","Game"
121,"Gigabyte GTX 1080Ti 11GB AORUS EXTREME Edition","Mining Card"
122,"MSI Radeon RX 470 MINER 8G","Mining Card"
123,"MyEtherWallet","Wallet"
124,"Antminer E3","ASIC Miner"
125,"Antminer X3 (220 kH/s)","ASIC Miner"
126,"Antminer L3++ (580 MH/s)","ASIC Miner"
127,"Antminer Z9","ASIC Miner"
128,"Antminer Z9 mini","ASIC Miner"
129,"HyperDragons","Game"
130,"HyperDragons","Ethereum DApp"
131,"Blockchain Cuties","Game"
132,"Blockchain Cuties","Ethereum DApp"
133,"Gods Unchained","Game"
134,"Gods Unchained","Ethereum DApp"
135,"Fomo3D","Game"
136,"Fomo3D","Ethereum DApp"
137,"CryptoKitties","Game"
138,"CryptoKitties","Ethereum DApp"
139,"A5 DashMaster","ASIC Miner"
140,"Antminer L3+ (504 MH/s)","ASIC Miner"
141,"TREZOR Model T","Hard Wallet"
142,"Axsonex","Trading App"
143,"MegaCryptoPolis","Game"
144,"MegaCryptoPolis","Ethereum DApp"
145,"ETH Birds","Game"
146,"ETH Birds","Ethereum DApp"
147,"Ethereum Name Service","Ethereum DApp"
148,"Brave Browser","DApp Browser"
149,"Steemit","DApp"
150,"Wizards.one","Game"
151,"Wizards.one","EOS DApp"
152,"ZBG App","Trading App"
153,"Omise","Wallet"
154,"MarketGod Trading","Price Tracker"
155,"CryptoCompare","Price Tracker"
156,"Coinomi","Wallet"
157,"ZB App","Trading App"
158,"HodlBot","Trading App"
159,"LocalCryptos","Ethereum DApp"
160,"StakedWallet","Wallet"
161,"Jaxx Liberty","Wallet"
162,"AnkerPay","Wallet"
163,"CoinMarketCap","Price Tracker"
164,"Vitae.co","Communication"
165,"Blockchain Wallet","Wallet"
166,"Ledger Nano S","Hard Wallet"
167,"Plark","Wallet"
168,"Coinpaprika","Price Tracker"
169,"MakerDAO","Ethereum DApp"
170,"Opera","Wallet"
171,"Opera","DApp Browser"
172,"TradingView","Price Tracker"
173,"StormX","Rewards"
174,"Bitamp","Wallet"
175,"ChainFlix","DApp"
176,"ChainFlix","Communication"
177,"CryptoView","Trading App"
178,"SPADESBOOM","Game"
179,"1xBit","EOS DApp"
180,"1xBit","DApp"
181,"SwissBorg Wealth App","Trading App"
182,"SwissBorg Wealth App","Price Tracker"
183,"Coins.ph","Wallet"
184,"Bitcoin Wallet","Wallet"
185,"Monarch","Wallet"
186,"Xapa Wallet","Wallet"
187,"Status","Wallet"
188,"Status","DApp Browser"
189,"Status","Communication"
190,"Enjin Wallet","Wallet"
191,"CitoWise","Wallet"
192,"Coinbase Wallet","Wallet"
193,"Edge Wallet","Wallet"
194,"Uniswap","Ethereum DApp"
195,"DragonGlass","Blockchain Explorer"
196,"SwirlWallet","Wallet"
197,"Alchemy Toys","Game"
198,"Bitbuy App","Trading App"
199,"Digifox","Wallet"
200,"Digifox","Trading App"
201,"eToro","Trading App"
202,"Bybit App","Trading App"
203,"Ledger Blue","Hard Wallet"
204,"Exodus","Wallet"
205,"Binance App","Wallet"
206,"Binance App","Trading App"
207,"Trust Wallet","Wallet"
208,"Trust Wallet","DApp Browser"
209,"Apsis Online","Game"
210,"OWNR Wallet","Wallet"
211,"WunderTrading","Trading App"
212,"Coinbase Pro","Trading App"
213,"MetaMask","Wallet"
214,"MetaMask","DApp Browser"
215,"Ronin Wallet","Wallet"
216,"XDEFI Wallet","Wallet"
217,"MoonPay","Trading App"
218,"NBA Topshots","DApp"
219,"UFC Strike","DApp"
