"id","product_name","gallery"
1,"Delta","https://cryptoslate.com/wp-content/uploads/2019/04/Delta-gallery-3.jpg"
2,"Delta","https://cryptoslate.com/wp-content/uploads/2019/04/Delta-gallery-2.jpg"
3,"Delta","https://cryptoslate.com/wp-content/uploads/2019/04/Delta-gallery-1.jpg"
4,"CoinStats","https://cryptoslate.com/wp-content/uploads/2019/06/coinstats-gallery-01.jpg"
5,"CoinStats","https://cryptoslate.com/wp-content/uploads/2019/06/coinstats-gallery-02.jpg"
6,"TREZOR ONE White","https://cryptoslate.com/wp-content/uploads/2018/08/trezor-screenshot-03.jpg"
7,"TREZOR ONE White","https://cryptoslate.com/wp-content/uploads/2018/08/trezor-screenshot-02.jpg"
8,"TREZOR ONE White","https://cryptoslate.com/wp-content/uploads/2018/08/trezor-screenshot-01.jpg"
9,"Coygo","https://cryptoslate.com/wp-content/uploads/2019/12/Coygo-gallery-3.jpg"
10,"Coygo","https://cryptoslate.com/wp-content/uploads/2019/12/Coygo-gallery-2.jpg"
11,"Coygo","https://cryptoslate.com/wp-content/uploads/2019/12/Coygo-gallery-1.jpg"
12,"Amplify Brokerage","https://cryptoslate.com/wp-content/uploads/2019/11/amplify-gallery-02.jpg"
13,"Amplify Brokerage","https://cryptoslate.com/wp-content/uploads/2019/11/amplify-gallery-03.jpg"
14,"Amplify Brokerage","https://cryptoslate.com/wp-content/uploads/2019/11/amplify-exchange-gallery-01.jpg"
15,"Ohio Bitcoin","https://cryptoslate.com/wp-content/uploads/2019/11/ohio-bitcoin-gallery-01.jpg"
16,"Ohio Bitcoin","https://cryptoslate.com/wp-content/uploads/2019/11/ohio-bitcoin-gallery-02.jpg"
17,"Seiza","https://cryptoslate.com/wp-content/uploads/2019/11/seiza-gallery-01.jpg"
18,"Seiza","https://cryptoslate.com/wp-content/uploads/2019/11/seiza-gallery-03.jpg"
19,"Seiza","https://cryptoslate.com/wp-content/uploads/2019/11/seiza-gallery-02.jpg"
20,"Sheetcoin","https://cryptoslate.com/wp-content/uploads/2019/11/sheetcoin-gallery-03.jpg"
21,"Sheetcoin","https://cryptoslate.com/wp-content/uploads/2019/11/sheetcoin-gallery-02.jpg"
22,"Sheetcoin","https://cryptoslate.com/wp-content/uploads/2019/11/sheetcoin-gallery-01.jpg"
23,"RollerCoin","https://cryptoslate.com/wp-content/uploads/2019/11/rollercoin-gallery-2.jpg"
24,"RollerCoin","https://cryptoslate.com/wp-content/uploads/2019/11/rollercoin-gallery-1.jpg"
25,"RollerCoin","https://cryptoslate.com/wp-content/uploads/2019/11/rollercoin-gallery-3.jpg"
26,"Bitpie","https://cryptoslate.com/wp-content/uploads/2019/10/bitpie-wallet-gallery-02.jpg"
27,"Bitpie","https://cryptoslate.com/wp-content/uploads/2019/10/bitpie-wallet-gallery-03.jpg"
28,"Bitpie","https://cryptoslate.com/wp-content/uploads/2019/10/bitpie-wallet-gallery-01.jpg"
29,"Bexplus","https://cryptoslate.com/wp-content/uploads/2019/10/Bexplus-gallery-3.jpg"
30,"Bexplus","https://cryptoslate.com/wp-content/uploads/2019/10/Bexplus-gallery-2.jpg"
31,"Bexplus","https://cryptoslate.com/wp-content/uploads/2019/10/Bexplus-gallery-1.jpg"
32,"Temporal","https://cryptoslate.com/wp-content/uploads/2019/10/temporal-gallery-4.jpg"
33,"Temporal","https://cryptoslate.com/wp-content/uploads/2019/10/temporal-gallery-3.jpg"
34,"Temporal","https://cryptoslate.com/wp-content/uploads/2019/10/temporal-gallery-1.jpg"
35,"Prodoge","https://cryptoslate.com/wp-content/uploads/2019/10/Prodoge-gallery-2.jpg"
36,"Prodoge","https://cryptoslate.com/wp-content/uploads/2019/10/Prodoge-gallery-1.jpg"
37,"Haven","https://cryptoslate.com/wp-content/uploads/2019/09/Haven-gallery-1.jpg"
38,"Haven","https://cryptoslate.com/wp-content/uploads/2019/09/Haven-gallery-2.jpg"
39,"Crypto Pro","https://cryptoslate.com/wp-content/uploads/2019/08/3.CryptoPro-AppleWatch.jpg"
40,"Crypto Pro","https://cryptoslate.com/wp-content/uploads/2019/08/2.CryptoPro-iPad.jpg"
41,"Crypto Pro","https://cryptoslate.com/wp-content/uploads/2019/08/1.CryptoPro-iPhone.jpg"
42,"Algomate Trading Platform","https://cryptoslate.com/wp-content/uploads/2019/08/Algomate-gallery-3.jpg"
43,"Algomate Trading Platform","https://cryptoslate.com/wp-content/uploads/2019/08/Algomate-gallery-2.jpg"
44,"Algomate Trading Platform","https://cryptoslate.com/wp-content/uploads/2019/08/Algomate-gallery-1.jpg"
45,"BC.Game","https://cryptoslate.com/wp-content/uploads/2019/06/BC.game-gallery-2.jpg"
46,"BC.Game","https://cryptoslate.com/wp-content/uploads/2019/06/BC.game-galler-3.jpg"
47,"BC.Game","https://cryptoslate.com/wp-content/uploads/2019/06/BC.game-gallery-1.jpg"
48,"Meme Factory","https://cryptoslate.com/wp-content/uploads/2019/06/Meme-Factory-social-3.jpg"
49,"Meme Factory","https://cryptoslate.com/wp-content/uploads/2019/06/Meme-Factory-social-2.jpg"
50,"Meme Factory","https://cryptoslate.com/wp-content/uploads/2019/06/Meme-Factory-photo-gallery-1.jpg"
51,"Yoroi Wallet","https://cryptoslate.com/wp-content/uploads/2019/04/Yoroi-Wallet-gallery-2.jpg"
52,"Yoroi Wallet","https://cryptoslate.com/wp-content/uploads/2019/04/Yoroi-Wallet-gallery-1.jpg"
53,"Yoroi Wallet","https://cryptoslate.com/wp-content/uploads/2019/04/Yoroi-Wallet-social.jpg"
54,"Quadency","https://cryptoslate.com/wp-content/uploads/2018/12/Quadency-gallery-03.jpg"
55,"Quadency","https://cryptoslate.com/wp-content/uploads/2018/12/Quadency-gallery-02.jpg"
56,"Quadency","https://cryptoslate.com/wp-content/uploads/2018/12/Quadency-gallery-01.jpg"
57,"Cashbackcloud","https://cryptoslate.com/wp-content/uploads/2019/01/Cashbackcloud-app-gallery-02.jpg"
58,"Cashbackcloud","https://cryptoslate.com/wp-content/uploads/2019/01/Cashbackcloud-app-gallery-01.jpg"
59,"XPet","https://cryptoslate.com/wp-content/uploads/2018/11/XPet-sreenshot-02.jpg"
60,"XPet","https://cryptoslate.com/wp-content/uploads/2018/11/XPet-sreenshot-01.jpg"
61,"Ether Kingdoms","https://cryptoslate.com/wp-content/uploads/2018/11/Ether-Kingdoms-screenshot-01.jpg"
62,"PandaFun","https://cryptoslate.com/wp-content/uploads/2018/11/Pandadun-screenshot-02.jpg"
63,"PandaFun","https://cryptoslate.com/wp-content/uploads/2018/11/Pandadun-screenshot-01.jpg"
64,"EvolutionLand","https://cryptoslate.com/wp-content/uploads/2018/11/Evolution-land-screenshot-03.jpg"
65,"EvolutionLand","https://cryptoslate.com/wp-content/uploads/2018/11/Evolution-land-screenshot-02.jpg"
66,"EvolutionLand","https://cryptoslate.com/wp-content/uploads/2018/11/Evolution-land-screenshot-01.jpg"
67,"Cash App","https://cryptoslate.com/wp-content/uploads/2018/11/CashApp-screenshot-03.jpg"
68,"Cash App","https://cryptoslate.com/wp-content/uploads/2018/11/CashApp-screenshot-02.jpg"
69,"Cash App","https://cryptoslate.com/wp-content/uploads/2018/11/CashApp-screenshot-01.jpg"
70,"Ethermium","https://cryptoslate.com/wp-content/uploads/2018/11/Ethermium-screenshot-03.jpg"
71,"Ethermium","https://cryptoslate.com/wp-content/uploads/2018/11/Ethermium-screenshot-02.jpg"
72,"Ethermium","https://cryptoslate.com/wp-content/uploads/2018/11/Ethermium-screenshot-01.jpg"
73,"Fishbank","https://cryptoslate.com/wp-content/uploads/2018/10/Fishbank-screenshot-03.jpg"
74,"Fishbank","https://cryptoslate.com/wp-content/uploads/2018/10/Fishbank-screenshot-02.jpg"
75,"Fishbank","https://cryptoslate.com/wp-content/uploads/2018/10/Fishbank-screenshot-01.jpg"
76,"CryptoRome","https://cryptoslate.com/wp-content/uploads/2018/10/cryptorome-screenshot-03.jpg"
77,"CryptoRome","https://cryptoslate.com/wp-content/uploads/2018/10/cryptorome-screenshot-02.jpg"
78,"CryptoRome","https://cryptoslate.com/wp-content/uploads/2018/10/cryptorome-screenshot-01.jpg"
79,"BTC.com Wallet App","https://cryptoslate.com/wp-content/uploads/2018/09/BTC-com-wallet-image-gallery-03.jpg"
80,"BTC.com Wallet App","https://cryptoslate.com/wp-content/uploads/2018/09/BTC-com-wallet-image-gallery-02.jpg"
81,"BTC.com Wallet App","https://cryptoslate.com/wp-content/uploads/2018/09/BTC-com-wallet-image-gallery-01.jpg"
82,"Circle Invest","https://cryptoslate.com/wp-content/uploads/2018/09/Circle-invest-screenshot-02.jpg"
83,"Circle Invest","https://cryptoslate.com/wp-content/uploads/2018/09/Circle-invest-screenshot-01.jpg"
84,"Crypt-Oink","https://cryptoslate.com/wp-content/uploads/2018/09/CryptOink-screenshot-03.jpg"
85,"Crypt-Oink","https://cryptoslate.com/wp-content/uploads/2018/09/CryptOink-screenshot-02.jpg"
86,"Crypt-Oink","https://cryptoslate.com/wp-content/uploads/2018/09/CryptOink-screenshot-01.jpg"
87,"Everipedia","https://cryptoslate.com/wp-content/uploads/2018/09/Everipedia-screenhshot-01.jpg"
88,"EOS Knights","https://cryptoslate.com/wp-content/uploads/2018/09/EOS-Knights-screenshot-03.jpg"
89,"EOS Knights","https://cryptoslate.com/wp-content/uploads/2018/09/EOS-Knights-screenshot-02.jpg"
90,"EOS Knights","https://cryptoslate.com/wp-content/uploads/2018/09/EOS-Knights-screenshot-01.jpg"
91,"TronChat","https://cryptoslate.com/wp-content/uploads/2018/09/TronChat-screenshot-03.jpg"
92,"TronChat","https://cryptoslate.com/wp-content/uploads/2018/09/TronChat-screenshot-02.jpg"
93,"TronChat","https://cryptoslate.com/wp-content/uploads/2018/09/TronChat-screenshot-01.jpg"
94,"uPort","https://cryptoslate.com/wp-content/uploads/2018/09/uPort-screenshot-03.jpg"
95,"uPort","https://cryptoslate.com/wp-content/uploads/2018/09/uPort-screenshot-02.jpg"
96,"uPort","https://cryptoslate.com/wp-content/uploads/2018/09/uPort-screenshot-01.jpg"
97,"Crypto Space Commander","https://cryptoslate.com/wp-content/uploads/2018/09/everdragons-screenshot-03.jpg"
98,"Crypto Space Commander","https://cryptoslate.com/wp-content/uploads/2018/09/everdragons-screenshot-02.jpg"
99,"Crypto Space Commander","https://cryptoslate.com/wp-content/uploads/2018/09/everdragons-screenshot-01.jpg"
100,"MLB Crypto Baseball","https://cryptoslate.com/wp-content/uploads/2018/08/MLBCrypto-Baseball-screenshot-03.jpg"
101,"MLB Crypto Baseball","https://cryptoslate.com/wp-content/uploads/2018/08/MLBCrypto-Baseball-screenshot-02.jpg"
102,"MLB Crypto Baseball","https://cryptoslate.com/wp-content/uploads/2018/08/MLBCrypto-Baseball-screenshot-01.jpg"
103,"CryptoCrystal","https://cryptoslate.com/wp-content/uploads/2018/09/CryptoCrystal-screenshot-03.jpg"
104,"CryptoCrystal","https://cryptoslate.com/wp-content/uploads/2018/09/CryptoCrystal-screenshot-02.jpg"
105,"CryptoCrystal","https://cryptoslate.com/wp-content/uploads/2018/09/CryptoCrystal-screenshot-01.jpg"
106,"Minds","https://cryptoslate.com/wp-content/uploads/2018/09/minds-dapp-screenshot-03.jpg"
107,"Minds","https://cryptoslate.com/wp-content/uploads/2018/09/minds-dapp-screenshot-02.jpg"
108,"Minds","https://cryptoslate.com/wp-content/uploads/2018/09/minds-dapp-screenshot-01.jpg"
109,"CryptoCities","https://cryptoslate.com/wp-content/uploads/2018/09/CryptoCities-dapp-screenshot-03.jpg"
110,"CryptoCities","https://cryptoslate.com/wp-content/uploads/2018/09/CryptoCities-dapp-screenshot-02.jpg"
111,"CryptoCities","https://cryptoslate.com/wp-content/uploads/2018/09/CryptoCities-dapp-screenshot-01.jpg"
112,"Everdragons","https://cryptoslate.com/wp-content/uploads/2018/09/everdragons-dapp-screenshot-03.jpg"
113,"Everdragons","https://cryptoslate.com/wp-content/uploads/2018/09/everdragons-dapp-screenshot-02.jpg"
114,"Everdragons","https://cryptoslate.com/wp-content/uploads/2018/09/everdragons-dapp-screenshot-01.jpg"
115,"Decentraland","https://cryptoslate.com/wp-content/uploads/2018/09/decentraland-screenshot-03.jpg"
116,"Decentraland","https://cryptoslate.com/wp-content/uploads/2018/09/decentraland-screenshot-02.jpg"
117,"Decentraland","https://cryptoslate.com/wp-content/uploads/2018/09/decentraland-screenshot-01.jpg"
118,"BRD","https://cryptoslate.com/wp-content/uploads/2018/09/BRD-wallet-screenshot-02.jpg"
119,"BRD","https://cryptoslate.com/wp-content/uploads/2018/09/BRD-wallet-screenshot-01.jpg"
120,"LandSecrets","https://cryptoslate.com/wp-content/uploads/2018/09/landsecrets-screenshot-02.jpg"
121,"LandSecrets","https://cryptoslate.com/wp-content/uploads/2018/09/landsecrets-screenshot-01.jpg"
122,"Electrum Bitcoin Wallet","https://cryptoslate.com/wp-content/uploads/2018/09/Electrum-wallet-screenshot-03.jpg"
123,"Electrum Bitcoin Wallet","https://cryptoslate.com/wp-content/uploads/2018/09/Electrum-wallet-screenshot-02.jpg"
124,"Electrum Bitcoin Wallet","https://cryptoslate.com/wp-content/uploads/2018/09/Electrum-wallet-screenshot-01.jpg"
125,"Tenta Browser","https://cryptoslate.com/wp-content/uploads/2018/08/Tenta-browser-screenshot-03.jpg"
126,"Tenta Browser","https://cryptoslate.com/wp-content/uploads/2018/08/Tenta-browser-screenshot-02.jpg"
127,"Tenta Browser","https://cryptoslate.com/wp-content/uploads/2018/08/Tenta-browser-screenshot-01.jpg"
128,"CoinTiger","https://cryptoslate.com/wp-content/uploads/2018/08/Cointiger-exchange-app-screenshot-03.jpg"
129,"CoinTiger","https://cryptoslate.com/wp-content/uploads/2018/08/Cointiger-exchange-app-screenshot-02.jpg"
130,"CoinTiger","https://cryptoslate.com/wp-content/uploads/2018/08/Cointiger-exchange-app-screenshot-01.jpg"
131,"Livepeer","https://cryptoslate.com/wp-content/uploads/2018/08/livepeer-screenshot-02.jpg"
132,"Livepeer","https://cryptoslate.com/wp-content/uploads/2018/08/livepeer-screenshot-01.jpg"
133,"GreenAddress","https://cryptoslate.com/wp-content/uploads/2018/08/Greenaddress-screenshot-02.jpg"
134,"GreenAddress","https://cryptoslate.com/wp-content/uploads/2018/08/Greenaddress-screenshot-01.jpg"
135,"GreenAddress","https://cryptoslate.com/wp-content/uploads/2018/08/Greenaddress-screenshot-03.jpg"
136,"CryptoSoccr","https://cryptoslate.com/wp-content/uploads/2018/08/CryptoSoccer-screenshot-03.jpg"
137,"CryptoSoccr","https://cryptoslate.com/wp-content/uploads/2018/08/CryptoSoccer-screenshot-02.jpg"
138,"CryptoSoccr","https://cryptoslate.com/wp-content/uploads/2018/08/CryptoSoccer-screenshot-01.jpg"
139,"Chibi Fighters","https://cryptoslate.com/wp-content/uploads/2018/08/Chibi-Fighters-screenshot-03.jpg"
140,"Chibi Fighters","https://cryptoslate.com/wp-content/uploads/2018/08/Chibi-Fighters-screenshot-02.jpg"
141,"Chibi Fighters","https://cryptoslate.com/wp-content/uploads/2018/08/Chibi-Fighters-screenshot-01.jpg"
142,"GP Casino","https://cryptoslate.com/wp-content/uploads/2019/08/GP-Casino-gallery-3.jpg"
143,"GP Casino","https://cryptoslate.com/wp-content/uploads/2019/08/GP-Casino-gallery-2.jpg"
144,"GP Casino","https://cryptoslate.com/wp-content/uploads/2019/08/GP-Casino-gallery-1.jpg"
145,"Panda Earth","https://cryptoslate.com/wp-content/uploads/2018/08/Panda-Earth-dapp-screenshot-03.jpg"
146,"Panda Earth","https://cryptoslate.com/wp-content/uploads/2018/08/Panda-Earth-dapp-screenshot-02.jpg"
147,"Panda Earth","https://cryptoslate.com/wp-content/uploads/2018/08/Panda-Earth-dapp-screenshot-01.jpg"
148,"Digital BitBox","https://cryptoslate.com/wp-content/uploads/2018/08/Digital-Bitbox-image-03.jpg"
149,"Digital BitBox","https://cryptoslate.com/wp-content/uploads/2018/08/Digital-Bitbox-image-02.jpg"
150,"Digital BitBox","https://cryptoslate.com/wp-content/uploads/2018/08/Digital-Bitbox-image-01.jpg"
151,"Bitpay Wallet","https://cryptoslate.com/wp-content/uploads/2018/08/Bitpaywallet-screenshot-02.jpg"
152,"Bitpay Wallet","https://cryptoslate.com/wp-content/uploads/2018/08/Bitpaywallet-screenshot-01.jpg"
153,"Axie Infinity","https://cryptoslate.com/wp-content/uploads/2018/08/Axie-Infinity-screenshot-04.jpg"
154,"Axie Infinity","https://cryptoslate.com/wp-content/uploads/2018/08/Axie-Infinity-screenshot-02.jpg"
155,"Axie Infinity","https://cryptoslate.com/wp-content/uploads/2018/08/Axie-Infinity-screenshot-01.jpg"
156,"Abra","https://cryptoslate.com/wp-content/uploads/2018/08/Abra-wallet-screenshot-02.jpg"
157,"Abra","https://cryptoslate.com/wp-content/uploads/2018/08/Abra-wallet-screenshot-01.jpg"
158,"MyCrypto","https://cryptoslate.com/wp-content/uploads/2018/08/MyCrypto-wallet-screenshot-03.jpg"
159,"MyCrypto","https://cryptoslate.com/wp-content/uploads/2018/08/MyCrypto-wallet-screenshot-02.jpg"
160,"MyCrypto","https://cryptoslate.com/wp-content/uploads/2018/08/MyCrypto-wallet-screenshot-01.jpg"
161,"CryptoGirl","https://cryptoslate.com/wp-content/uploads/2018/08/Cryptogirl-dapp-screenshot-03.jpg"
162,"CryptoGirl","https://cryptoslate.com/wp-content/uploads/2018/08/Cryptogirl-dapp-screenshot-02.jpg"
163,"CryptoGirl","https://cryptoslate.com/wp-content/uploads/2018/08/Cryptogirl-dapp-screenshot-01.jpg"
164,"Xapo","https://cryptoslate.com/wp-content/uploads/2018/08/XAPO-screenshot-01.jpg"
165,"CryptoTrader","https://cryptoslate.com/wp-content/uploads/2018/08/CryptoTrader-app-screenshot-02.jpg"
166,"CryptoTrader","https://cryptoslate.com/wp-content/uploads/2018/08/CryptoTrader-app-screenshot-01.jpg"
167,"0xUniverse","https://cryptoslate.com/wp-content/uploads/2018/08/0xUniverse-screenshot-04.jpg"
168,"0xUniverse","https://cryptoslate.com/wp-content/uploads/2018/08/0xUniverse-screenshot-03.jpg"
169,"0xUniverse","https://cryptoslate.com/wp-content/uploads/2018/08/0xUniverse-screenshot-02.jpg"
170,"ETH.TOWN","https://cryptoslate.com/wp-content/uploads/2018/08/ETH-Town-screenshot-03.jpg"
171,"ETH.TOWN","https://cryptoslate.com/wp-content/uploads/2018/08/ETH-Town-screenshot-02.jpg"
172,"ETH.TOWN","https://cryptoslate.com/wp-content/uploads/2018/08/ETH-Town-screenshot-1.jpg"
173,"Etheremon","https://cryptoslate.com/wp-content/uploads/2018/08/etheremon-screenshot-03.jpg"
174,"Etheremon","https://cryptoslate.com/wp-content/uploads/2018/08/etheremon-screenshot-02.jpg"
175,"Etheremon","https://cryptoslate.com/wp-content/uploads/2018/08/etheremon-screenshot-01.jpg"
176,"Robinhood","https://cryptoslate.com/wp-content/uploads/2018/08/Robinhood-app-screenshot-03.jpg"
177,"Robinhood","https://cryptoslate.com/wp-content/uploads/2018/08/Robinhood-app-screenshot-02.jpg"
178,"Robinhood","https://cryptoslate.com/wp-content/uploads/2018/08/Robinhood-app-screenshot-01.jpg"
179,"Coinbase App","https://cryptoslate.com/wp-content/uploads/2018/08/Coinbase-wallet-screenshot-03.jpg"
180,"Coinbase App","https://cryptoslate.com/wp-content/uploads/2018/08/Coinbase-wallet-screenshot-02.jpg"
181,"Coinbase App","https://cryptoslate.com/wp-content/uploads/2018/08/Coinbase-wallet-screenshot-01.jpg"
182,"XFX Radeon RX 580 GTS XXX Edition","https://cryptoslate.com/wp-content/uploads/2018/08/XFX-Radeon-RX-580-GTS-XXX-Edition-image-03.jpg"
183,"XFX Radeon RX 580 GTS XXX Edition","https://cryptoslate.com/wp-content/uploads/2018/08/XFX-Radeon-RX-580-GTS-XXX-Edition-image-02.jpg"
184,"XFX Radeon RX 580 GTS XXX Edition","https://cryptoslate.com/wp-content/uploads/2018/08/XFX-Radeon-RX-580-GTS-XXX-Edition-image-01.jpg"
185,"Innosilicon S11 SiaMaster","https://cryptoslate.com/wp-content/uploads/2018/08/Innosilicon-S11-SiaMaster-image-03.jpg"
186,"Innosilicon S11 SiaMaster","https://cryptoslate.com/wp-content/uploads/2018/08/Innosilicon-S11-SiaMaster-image-01.jpg"
187,"Antminer T9+","https://cryptoslate.com/wp-content/uploads/2018/08/Bitmain-Antminer-T9-image-03.jpg"
188,"Antminer T9+","https://cryptoslate.com/wp-content/uploads/2018/08/Bitmain-Antminer-T9-image-02.jpg"
189,"Antminer T9+","https://cryptoslate.com/wp-content/uploads/2018/08/Bitmain-Antminer-T9-image-01.jpg"
190,"Canaan Avalon 841","https://cryptoslate.com/wp-content/uploads/2018/08/Canaan-Avalon-841-miner-image03.jpg"
191,"Canaan Avalon 841","https://cryptoslate.com/wp-content/uploads/2018/08/Canaan-Avalon-841-miner-image02.jpg"
192,"Canaan Avalon 841","https://cryptoslate.com/wp-content/uploads/2018/08/Canaan-Avalon-841-miner-image01.jpg"
193,"Canaan Avalon 821","https://cryptoslate.com/wp-content/uploads/2018/08/Canaan-Avalon-821-miner-image03.jpg"
194,"Canaan Avalon 821","https://cryptoslate.com/wp-content/uploads/2018/08/Canaan-Avalon-821-miner-image02.jpg"
195,"Canaan Avalon 821","https://cryptoslate.com/wp-content/uploads/2018/08/Canaan-Avalon-821-miner-image01.jpg"
196,"Sapphire Radeon Tri-X R9 290X","https://cryptoslate.com/wp-content/uploads/2018/08/Sapphire-Radeon-Tri-X-R9-290X-image-03.jpg"
197,"Sapphire Radeon Tri-X R9 290X","https://cryptoslate.com/wp-content/uploads/2018/08/Sapphire-Radeon-Tri-X-R9-290X-image-02.jpg"
198,"Sapphire Radeon Tri-X R9 290X","https://cryptoslate.com/wp-content/uploads/2018/08/Sapphire-Radeon-Tri-X-R9-290X-image-01.jpg"
199,"Nvidia GeForce GTX 970","https://cryptoslate.com/wp-content/uploads/2018/08/Nvidia-GeForce-GTX-970-image-01.jpg"
200,"ASUS Mining RX 470 4G Graphics Card","https://cryptoslate.com/wp-content/uploads/2018/08/ASUS-Mining-RX-470-4G-Graphics-Card-image-03.jpg"
201,"ASUS Mining RX 470 4G Graphics Card","https://cryptoslate.com/wp-content/uploads/2018/08/ASUS-Mining-RX-470-4G-Graphics-Card-image-02.jpg"
202,"ASUS Mining RX 470 4G Graphics Card","https://cryptoslate.com/wp-content/uploads/2018/08/ASUS-Mining-RX-470-4G-Graphics-Card-image-01.jpg"
203,"Gigabyte GeForce GTX 1070 8GB Windforce","https://cryptoslate.com/wp-content/uploads/2018/08/Gigabyte-GeForce-GTX-1070-8GB-Windforce-image-03.jpg"
204,"Gigabyte GeForce GTX 1070 8GB Windforce","https://cryptoslate.com/wp-content/uploads/2018/08/Gigabyte-GeForce-GTX-1070-8GB-Windforce-image-02.jpg"
205,"Gigabyte GeForce GTX 1070 8GB Windforce","https://cryptoslate.com/wp-content/uploads/2018/08/Gigabyte-GeForce-GTX-1070-8GB-Windforce-image-01.jpg"
206,"Peepeth","https://cryptoslate.com/wp-content/uploads/2018/08/Peepeth-app-screenshot-01.jpg"
207,"Bettergram","https://cryptoslate.com/wp-content/uploads/2018/08/Bettergram-app-screenshot-03.jpg"
208,"Bettergram","https://cryptoslate.com/wp-content/uploads/2018/08/Bettergram-app-screenshot-02.jpg"
209,"Bettergram","https://cryptoslate.com/wp-content/uploads/2018/08/Bettergram-app-screenshot-01.jpg"
210,"Gigabyte GTX 1060 Windforce 3GB","https://cryptoslate.com/wp-content/uploads/2018/08/Gigabyte-GTX-1060-Windforce-3GB-image-03.jpg"
211,"Gigabyte GTX 1060 Windforce 3GB","https://cryptoslate.com/wp-content/uploads/2018/08/Gigabyte-GTX-1060-Windforce-3GB-image-02.jpg"
212,"Gigabyte GTX 1060 Windforce 3GB","https://cryptoslate.com/wp-content/uploads/2018/08/Gigabyte-GTX-1060-Windforce-3GB-image-01.jpg"
213,"Innosilicon A9 ZMaster","https://cryptoslate.com/wp-content/uploads/2018/08/Innosilicon-A9-ZMaster-social-02.jpg"
214,"Innosilicon A9 ZMaster","https://cryptoslate.com/wp-content/uploads/2018/08/Innosilicon-A9-ZMaster-social-01.jpg"
215,"KeepKey","https://cryptoslate.com/wp-content/uploads/2018/08/keep-pay-wallet-image-03.jpg"
216,"KeepKey","https://cryptoslate.com/wp-content/uploads/2018/08/keep-pay-wallet-image-02.jpg"
217,"KeepKey","https://cryptoslate.com/wp-content/uploads/2018/08/keep-pay-wallet-image-01.jpg"
218,"CryptoBots","https://cryptoslate.com/wp-content/uploads/2018/08/Cryptobots-dapp-screenshot-03.jpg"
219,"CryptoBots","https://cryptoslate.com/wp-content/uploads/2018/08/Cryptobots-dapp-screenshot-02.jpg"
220,"CryptoBots","https://cryptoslate.com/wp-content/uploads/2018/08/Cryptobots-dapp-screenshot-01.jpg"
221,"Augur","https://cryptoslate.com/wp-content/uploads/2018/08/augur-dapp-scrrenshot-03.jpg"
222,"Augur","https://cryptoslate.com/wp-content/uploads/2018/08/augur-dapp-scrrenshot-02.jpg"
223,"Augur","https://cryptoslate.com/wp-content/uploads/2018/08/augur-dapp-scrrenshot-01.jpg"
224,"Antminer D3 (19.3 GH/s)","https://cryptoslate.com/wp-content/uploads/2018/08/Bitmain-Antminer-D3-19_3ghs-image02.jpg"
225,"Antminer D3 (19.3 GH/s)","https://cryptoslate.com/wp-content/uploads/2018/08/Bitmain-Antminer-D3-19.3ghs-image-01.jpg"
226,"Antminer S9 (14 TH/s)","https://cryptoslate.com/wp-content/uploads/2018/08/Bitmain-Antminer-S9-image-01.jpg"
227,"Antminer D3","https://cryptoslate.com/wp-content/uploads/2018/08/Bitmain-Antminer_D3-screenshot-01.jpg"
228,"Blockfolio","https://cryptoslate.com/wp-content/uploads/2018/08/Blockfolio-screenshot-03.jpg"
229,"Blockfolio","https://cryptoslate.com/wp-content/uploads/2018/08/Blockfolio-screenshot-02.jpg"
230,"Blockfolio","https://cryptoslate.com/wp-content/uploads/2018/08/Blockfolio-screenshot-01.jpg"
231,"Nvidia GeForce GTX 1070 Ti Founderâ€™s Edition","https://cryptoslate.com/wp-content/uploads/2018/08/GTX1070_Ti-screenshot-01.jpg"
232,"Nvidia GeForce GTX 1070 Founders Edition","https://cryptoslate.com/wp-content/uploads/2018/08/GTX1070-screenshot-01.jpg"
233,"0x","https://cryptoslate.com/wp-content/uploads/2018/08/0x-dapp-screenshot-03-1.jpg"
234,"0x","https://cryptoslate.com/wp-content/uploads/2018/08/0x-dapp-screenshot-02-1.jpg"
235,"0x","https://cryptoslate.com/wp-content/uploads/2018/08/0x-dapp-screenshot-01.jpg"
236,"AMD Radeon RX 480","https://cryptoslate.com/wp-content/uploads/2018/08/AMD-Radeon-RX-480-image-01.jpg"
237,"Altcoin Fantasy","https://cryptoslate.com/wp-content/uploads/2018/08/altcoin_fantasy-sreenshot-03.jpg"
238,"Altcoin Fantasy","https://cryptoslate.com/wp-content/uploads/2018/08/altcoin_fantasy-sreenshot-02.jpg"
239,"Altcoin Fantasy","https://cryptoslate.com/wp-content/uploads/2018/08/altcoin_fantasy-sreenshot-01.jpg"
299,"ZB App","https://cryptoslate.com/wp-content/uploads/2020/03/Zp-app-gallery-image-3.jpg"
240,"Gigabyte GTX 1080Ti 11GB AORUS EXTREME Edition","https://cryptoslate.com/wp-content/uploads/2018/08/GV-N108TAORUS-X-11GD-image-02.jpg"
241,"Gigabyte GTX 1080Ti 11GB AORUS EXTREME Edition","https://cryptoslate.com/wp-content/uploads/2018/08/GV-N108TAORUS-X-11GD-image-01.jpg"
242,"MSI Radeon RX 470 MINER 8G","https://cryptoslate.com/wp-content/uploads/2018/08/msi_radeon_rx_470_miner_8G-image-04.jpg"
243,"MSI Radeon RX 470 MINER 8G","https://cryptoslate.com/wp-content/uploads/2018/08/msi_radeon_rx_470_miner_8G-image-03.jpg"
244,"MSI Radeon RX 470 MINER 8G","https://cryptoslate.com/wp-content/uploads/2018/08/msi_radeon_rx_470_miner_8G-image-01.jpg"
245,"MyEtherWallet","https://cryptoslate.com/wp-content/uploads/2018/08/myetherwallet-screenshot-02.jpg"
246,"MyEtherWallet","https://cryptoslate.com/wp-content/uploads/2018/08/myetherwallet-screenshot-01.jpg"
247,"Antminer E3","https://cryptoslate.com/wp-content/uploads/2018/08/Bitmain-Antminer-E3-social.jpg"
248,"Antminer X3 (220 kH/s)","https://cryptoslate.com/wp-content/uploads/2018/08/bitmain-antminer-x3-social.jpg"
249,"Antminer L3++ (580 MH/s)","https://cryptoslate.com/wp-content/uploads/2018/08/Bitmain-Antminer-L3-image01.jpg"
250,"Antminer Z9","https://cryptoslate.com/wp-content/uploads/2018/08/Bitmain-Antminer-Z9-image01.jpg"
251,"Antminer Z9 mini","https://cryptoslate.com/wp-content/uploads/2018/08/Bitmain-Antminer-Z9-mini-image01.jpg"
252,"HyperDragons","https://cryptoslate.com/wp-content/uploads/2018/08/Hyperdragons-screenshot-03.jpg"
253,"HyperDragons","https://cryptoslate.com/wp-content/uploads/2018/08/Hyperdragons-screenshot-02.jpg"
254,"HyperDragons","https://cryptoslate.com/wp-content/uploads/2018/08/Hyperdragons-screenshot-01.jpg"
255,"Blockchain Cuties","https://cryptoslate.com/wp-content/uploads/2018/08/Blockchain-cuties-scrrenshot-03.jpg"
256,"Blockchain Cuties","https://cryptoslate.com/wp-content/uploads/2018/08/Blockchain-cuties-scrrenshot-02.jpg"
257,"Blockchain Cuties","https://cryptoslate.com/wp-content/uploads/2018/08/Blockchain-cuties-scrrenshot-01.jpg"
258,"Gods Unchained","https://cryptoslate.com/wp-content/uploads/2018/08/Gods-Unchained-screenshot-03.jpg"
259,"Gods Unchained","https://cryptoslate.com/wp-content/uploads/2018/08/Gods-Unchained-screenshot-02.jpg"
260,"Gods Unchained","https://cryptoslate.com/wp-content/uploads/2018/08/Gods-Unchained-screenshot-01.jpg"
261,"Fomo3D","https://cryptoslate.com/wp-content/uploads/2018/08/FOMO3D-screenshot-03.jpg"
262,"Fomo3D","https://cryptoslate.com/wp-content/uploads/2018/08/FOMO3D-screenshot-02.jpg"
263,"Fomo3D","https://cryptoslate.com/wp-content/uploads/2018/08/FOMO3D-screenshot-01.jpg"
264,"CryptoKitties","https://cryptoslate.com/wp-content/uploads/2018/08/cryptokitties-screenshot-03.jpg"
265,"CryptoKitties","https://cryptoslate.com/wp-content/uploads/2018/08/cryptokitties-screenshot-02.jpg"
266,"CryptoKitties","https://cryptoslate.com/wp-content/uploads/2018/08/cryptokitties-screenshot-01.jpg"
267,"A5 DashMaster","https://cryptoslate.com/wp-content/uploads/2018/08/A5_dashmaster-screenshot-01.jpg"
268,"Antminer L3+ (504 MH/s)","https://cryptoslate.com/wp-content/uploads/2018/08/Bitmain-Antminer-L3-image-03.jpg"
269,"Antminer L3+ (504 MH/s)","https://cryptoslate.com/wp-content/uploads/2018/08/Bitmain-Antminer-L3-image-02.jpg"
270,"Antminer L3+ (504 MH/s)","https://cryptoslate.com/wp-content/uploads/2018/08/Bitmain-Antminer-L3-image-01.jpg"
271,"TREZOR Model T","https://cryptoslate.com/wp-content/uploads/2018/08/trezor-screenshot-03.jpg"
272,"TREZOR Model T","https://cryptoslate.com/wp-content/uploads/2018/08/trezor-screenshot-02.jpg"
273,"TREZOR Model T","https://cryptoslate.com/wp-content/uploads/2018/08/trezor-screenshot-01.jpg"
274,"MegaCryptoPolis","https://cryptoslate.com/wp-content/uploads/2018/08/MegaCryptoPolis-screenshot-02.jpg"
275,"MegaCryptoPolis","https://cryptoslate.com/wp-content/uploads/2018/08/MegaCryptoPolis-screenshot-01.jpg"
276,"Ethereum Name Service","https://cryptoslate.com/wp-content/uploads/2018/09/ethereum-name-service-screenshot-02.jpg"
277,"Ethereum Name Service","https://cryptoslate.com/wp-content/uploads/2018/09/ethereum-name-service-screenshot-01.jpg"
278,"Brave Browser","https://cryptoslate.com/wp-content/uploads/2018/11/brave-screenshot-02.jpg"
279,"Brave Browser","https://cryptoslate.com/wp-content/uploads/2018/11/brave-screenshot-01.jpg"
280,"Steemit","https://cryptoslate.com/wp-content/uploads/2018/09/steemit-screenshot-03.jpg"
281,"Steemit","https://cryptoslate.com/wp-content/uploads/2018/09/steemit-screenshot-02.jpg"
282,"Steemit","https://cryptoslate.com/wp-content/uploads/2018/09/steemit-screenshot-01.jpg"
283,"Wizards.one","https://cryptoslate.com/wp-content/uploads/2018/11/Wizards-screenshot-03.jpg"
284,"Wizards.one","https://cryptoslate.com/wp-content/uploads/2018/11/Wizards-screenshot-02.jpg"
285,"Wizards.one","https://cryptoslate.com/wp-content/uploads/2018/11/Wizards-screenshot-01.jpg"
286,"ZBG App","https://cryptoslate.com/wp-content/uploads/2020/03/ZBG-gallery-image2.jpg"
287,"ZBG App","https://cryptoslate.com/wp-content/uploads/2020/03/ZBG-gallery-image1.jpg"
288,"Omise","https://cryptoslate.com/wp-content/uploads/2018/09/omise-app-screenshot-03.jpg"
289,"Omise","https://cryptoslate.com/wp-content/uploads/2018/09/omise-app-screenshot-02.jpg"
290,"Omise","https://cryptoslate.com/wp-content/uploads/2018/09/omise-app-screenshot-01.jpg"
291,"MarketGod Trading","https://cryptoslate.com/wp-content/uploads/2019/11/gallery-image-3.jpg"
292,"MarketGod Trading","https://cryptoslate.com/wp-content/uploads/2019/11/gallery-image-2.jpg"
293,"MarketGod Trading","https://cryptoslate.com/wp-content/uploads/2019/11/gallery-image-1.jpg"
294,"CryptoCompare","https://cryptoslate.com/wp-content/uploads/2019/01/CryptoCompare-screenshot-2.jpg"
295,"CryptoCompare","https://cryptoslate.com/wp-content/uploads/2019/01/CryptoCompare-screenshot-1.jpg"
296,"Coinomi","https://cryptoslate.com/wp-content/uploads/2018/08/Coinomi-wallet-screenshot-03.jpg"
297,"Coinomi","https://cryptoslate.com/wp-content/uploads/2018/08/Coinomi-wallet-screenshot-02.jpg"
298,"Coinomi","https://cryptoslate.com/wp-content/uploads/2018/08/Coinomi-wallet-screenshot-01.jpg"
300,"ZB App","https://cryptoslate.com/wp-content/uploads/2020/03/Zp-app-gallery-image-2.jpg"
301,"ZB App","https://cryptoslate.com/wp-content/uploads/2020/03/Zp-app-gallery-image-1.jpg"
302,"HodlBot","https://cryptoslate.com/wp-content/uploads/2020/03/hodlbot-gallery-03.jpg"
303,"HodlBot","https://cryptoslate.com/wp-content/uploads/2020/03/hodlbot-gallery-02.jpg"
304,"HodlBot","https://cryptoslate.com/wp-content/uploads/2020/03/hodlbot-gallery-01.jpg"
305,"LocalCryptos","https://cryptoslate.com/wp-content/uploads/2018/09/localethereum-screenshot-03.jpg"
306,"LocalCryptos","https://cryptoslate.com/wp-content/uploads/2018/09/localethereum-screenshot-02.jpg"
307,"LocalCryptos","https://cryptoslate.com/wp-content/uploads/2018/09/localethereum-screenshot-01.jpg"
308,"StakedWallet","https://cryptoslate.com/wp-content/uploads/2020/03/StalkedWallet-gallery-2.jpg"
309,"StakedWallet","https://cryptoslate.com/wp-content/uploads/2020/03/StalkedWallet-gallery-1.jpg"
310,"Jaxx Liberty","https://cryptoslate.com/wp-content/uploads/2018/08/Jaxx-wallet-screenshot-03.jpg"
311,"Jaxx Liberty","https://cryptoslate.com/wp-content/uploads/2018/08/Jaxx-wallet-screenshot-02.jpg"
312,"Jaxx Liberty","https://cryptoslate.com/wp-content/uploads/2018/08/Jaxx-wallet-screenshot-01-1.jpg"
313,"AnkerPay","https://cryptoslate.com/wp-content/uploads/2020/04/AnkerPay-gallery-3.jpg"
314,"AnkerPay","https://cryptoslate.com/wp-content/uploads/2020/04/AnkerPay-gallery-2.jpg"
315,"AnkerPay","https://cryptoslate.com/wp-content/uploads/2020/04/AnkerPay-gallery-1.jpg"
316,"CoinMarketCap","https://cryptoslate.com/wp-content/uploads/2018/09/coinmarketcap-app-screenshot-02.jpg"
317,"CoinMarketCap","https://cryptoslate.com/wp-content/uploads/2018/09/coinmarketcap-app-screenshot-01.jpg"
318,"Blockchain Wallet","https://cryptoslate.com/wp-content/uploads/2018/08/Blockchain-wallet-screenshot-02.jpg"
319,"Blockchain Wallet","https://cryptoslate.com/wp-content/uploads/2018/08/Blockchain-wallet-screenshot-01.jpg"
320,"Ledger Nano S","https://cryptoslate.com/wp-content/uploads/2018/08/Ledger-Nano-S-wallet-image-03.jpg"
321,"Ledger Nano S","https://cryptoslate.com/wp-content/uploads/2018/08/Ledger-Nano-S-wallet-image-02.jpg"
322,"Ledger Nano S","https://cryptoslate.com/wp-content/uploads/2018/08/Ledger-Nano-S-wallet-image-01.jpg"
323,"Plark","https://cryptoslate.com/wp-content/uploads/2019/10/Plark-gallery-3.jpg"
324,"Plark","https://cryptoslate.com/wp-content/uploads/2019/10/Plark-gallery-2.jpg"
325,"Plark","https://cryptoslate.com/wp-content/uploads/2019/10/Plark-gallery-1.jpg"
326,"Coinpaprika","https://cryptoslate.com/wp-content/uploads/2019/12/coinpaprika-gallery-03.jpg"
327,"Coinpaprika","https://cryptoslate.com/wp-content/uploads/2019/12/coinpaprika-gallery-02.jpg"
328,"Coinpaprika","https://cryptoslate.com/wp-content/uploads/2019/12/coinpaprika-gallery-01.jpg"
329,"MakerDAO","https://cryptoslate.com/wp-content/uploads/2019/06/MakerDAO-gallery-3.jpg"
330,"MakerDAO","https://cryptoslate.com/wp-content/uploads/2019/06/MakerDAO-gallery-2.jpg"
331,"MakerDAO","https://cryptoslate.com/wp-content/uploads/2019/06/MakerDAO-gallery-1.jpg"
332,"StormX","https://cryptoslate.com/wp-content/uploads/2018/08/storm-play-screenshot-03.jpg"
333,"StormX","https://cryptoslate.com/wp-content/uploads/2018/08/storm-play-screenshot-02.jpg"
334,"StormX","https://cryptoslate.com/wp-content/uploads/2018/08/storm-play-screenshot-01.jpg"
335,"ChainFlix","https://cryptoslate.com/wp-content/uploads/2020/04/chainflix-gallery-2.jpg"
336,"ChainFlix","https://cryptoslate.com/wp-content/uploads/2020/04/chainflix-gallery-1.jpg"
337,"CryptoView","https://cryptoslate.com/wp-content/uploads/2020/09/cryptoview-pricing.jpg"
338,"CryptoView","https://cryptoslate.com/wp-content/uploads/2020/09/cryptoview-charting.jpg"
339,"CryptoView","https://cryptoslate.com/wp-content/uploads/2020/09/cryptoview-balance.jpg"
340,"Coins.ph","https://cryptoslate.com/wp-content/uploads/2018/08/coinsph-wallet-sceenshot-03.jpg"
341,"Coins.ph","https://cryptoslate.com/wp-content/uploads/2018/08/coinsph-wallet-sceenshot-02.jpg"
342,"Coins.ph","https://cryptoslate.com/wp-content/uploads/2018/08/coinsph-wallet-sceenshot-01.jpg"
343,"Bitcoin Wallet","https://cryptoslate.com/wp-content/uploads/2020/04/Bitcoin-wallet-gallery-3.jpg"
344,"Bitcoin Wallet","https://cryptoslate.com/wp-content/uploads/2020/04/Bitcoin-wallet-gallery-1.jpg"
345,"Bitcoin Wallet","https://cryptoslate.com/wp-content/uploads/2020/04/Bitcoin-wallet-gallery-2.jpg"
346,"Status","https://cryptoslate.com/wp-content/uploads/2018/08/Status_dapp-screenshot-03.jpg"
347,"Status","https://cryptoslate.com/wp-content/uploads/2018/08/Status_dapp-screenshot-02.jpg"
348,"Status","https://cryptoslate.com/wp-content/uploads/2018/08/Status_dapp-screenshot-01.jpg"
349,"Enjin Wallet","https://cryptoslate.com/wp-content/uploads/2018/08/Enjin-wallet-screenshot-02.jpg"
350,"Enjin Wallet","https://cryptoslate.com/wp-content/uploads/2018/08/Enjin-wallet-screenshot-01.jpg"
351,"CitoWise","https://cryptoslate.com/wp-content/uploads/2018/09/citowise-wallet-screenshot-02.jpg"
352,"CitoWise","https://cryptoslate.com/wp-content/uploads/2018/09/citowise-wallet-screenshot-01.jpg"
353,"Coinbase Wallet","https://cryptoslate.com/wp-content/uploads/2018/08/Coinbase-wallet-app-screenshot-03..jpg"
354,"Coinbase Wallet","https://cryptoslate.com/wp-content/uploads/2018/08/Coinbase-wallet-app-screenshot-02..jpg"
355,"Coinbase Wallet","https://cryptoslate.com/wp-content/uploads/2018/08/Coinbase-wallet-app-screenshot-01.jpg"
356,"Edge Wallet","https://cryptoslate.com/wp-content/uploads/2018/08/edge-wallet-app-screenshot-02.jpg"
357,"Edge Wallet","https://cryptoslate.com/wp-content/uploads/2018/08/edge-wallet-app-screenshot-01.jpg"
358,"DragonGlass","https://cryptoslate.com/wp-content/uploads/2019/10/DragonGlass-gallery-3.jpg"
359,"DragonGlass","https://cryptoslate.com/wp-content/uploads/2019/10/DragonGlass-gallery-2.jpg"
360,"DragonGlass","https://cryptoslate.com/wp-content/uploads/2019/10/DragonGlass-gallery-1.jpg"
361,"Alchemy Toys","https://cryptoslate.com/wp-content/uploads/2021/05/Alchemy-Toys-gallery-2.jpg"
362,"Alchemy Toys","https://cryptoslate.com/wp-content/uploads/2021/05/Alchemy-Toys-gallery-1.jpg"
363,"Alchemy Toys","https://cryptoslate.com/wp-content/uploads/2021/05/Alchemy-Toys-gallery-3.jpg"
364,"Bitbuy App","https://cryptoslate.com/wp-content/uploads/2020/10/bitbuy-3a-Express_Trade_Buy_BTC.jpg"
365,"Bitbuy App","https://cryptoslate.com/wp-content/uploads/2020/10/bitbuy-2-Pro_Trade_Dark.jpg"
366,"Bitbuy App","https://cryptoslate.com/wp-content/uploads/2020/10/bitbuy-1-Mockup_ProTrade.jpg"
367,"Digifox","https://cryptoslate.com/wp-content/uploads/2021/06/digifox-screen-01.jpg"
368,"Digifox","https://cryptoslate.com/wp-content/uploads/2021/06/digifox-screen-02.jpg"
369,"Digifox","https://cryptoslate.com/wp-content/uploads/2021/06/digifox-screen-03.jpg"
370,"eToro","https://cryptoslate.com/wp-content/uploads/2018/08/eToro-app-screenshot-03.jpg"
371,"eToro","https://cryptoslate.com/wp-content/uploads/2018/08/eToro-app-screenshot-02.jpg"
372,"eToro","https://cryptoslate.com/wp-content/uploads/2018/08/eToro-app-screenshot-01.jpg"
373,"Bybit App","https://cryptoslate.com/wp-content/uploads/2020/07/bybit-app-gallery-3.jpg"
374,"Bybit App","https://cryptoslate.com/wp-content/uploads/2020/07/bybit-app-gallery-2.jpg"
375,"Bybit App","https://cryptoslate.com/wp-content/uploads/2020/07/bybit-app-gallery-1.jpg"
376,"Ledger Blue","https://cryptoslate.com/wp-content/uploads/2018/08/Ledger-blue-wallet-image-03.jpg"
377,"Ledger Blue","https://cryptoslate.com/wp-content/uploads/2018/08/Ledger-blue-wallet-image-02.jpg"
378,"Ledger Blue","https://cryptoslate.com/wp-content/uploads/2018/08/Ledger-blue-wallet-image-01.jpg"
379,"Exodus","https://cryptoslate.com/wp-content/uploads/2018/08/Exodus-wallet-screenshot-03.jpg"
380,"Exodus","https://cryptoslate.com/wp-content/uploads/2018/08/Exodus-wallet-screenshot-02.jpg"
381,"Exodus","https://cryptoslate.com/wp-content/uploads/2018/08/Exodus-wallet-screenshot-01.jpg"
382,"Binance App","https://cryptoslate.com/wp-content/uploads/2018/08/Binance-app-screenshot-02.jpg"
383,"Binance App","https://cryptoslate.com/wp-content/uploads/2018/08/Binance-app-screenshot-01.jpg"
384,"Trust Wallet","https://cryptoslate.com/wp-content/uploads/2018/08/Trust-wallet-screenshot-03.jpg"
385,"Trust Wallet","https://cryptoslate.com/wp-content/uploads/2018/08/Trust-wallet-screenshot-02.jpg"
386,"Trust Wallet","https://cryptoslate.com/wp-content/uploads/2018/08/Trust-wallet-screenshot-01.jpg"
387,"Apsis Online","https://cryptoslate.com/wp-content/uploads/2021/03/apsis-online-gallery-3.jpg"
388,"Apsis Online","https://cryptoslate.com/wp-content/uploads/2021/03/apsis-online-gallery-2.jpg"
389,"Apsis Online","https://cryptoslate.com/wp-content/uploads/2021/03/apsis-online-gallery-1-1.jpg"
390,"WunderTrading","https://cryptoslate.com/wp-content/uploads/2021/03/wunderbit-trading-gallery-new-2.jpg"
391,"WunderTrading","https://cryptoslate.com/wp-content/uploads/2021/03/wunderbit-trading-gallery-new-1.jpg"
392,"XDEFI Wallet","https://cryptoslate.com/wp-content/uploads/2022/03/XDEFI-Wallet-image-3.jpg"
393,"XDEFI Wallet","https://cryptoslate.com/wp-content/uploads/2022/03/XDEFI-Wallet-image-2.jpg"
394,"XDEFI Wallet","https://cryptoslate.com/wp-content/uploads/2022/03/XDEFI-Wallet-image-1.jpg"
